Protocol,Flow Duration,Total Fwd Packets,Total Backward Packets,Total Length of Fwd Packets,Total Length of Bwd Packets,Fwd Packet Length Max,Fwd Packet Length Min,Fwd Packet Length Mean,Fwd Packet Length Std,Bwd Packet Length Max,Bwd Packet Length Min,Bwd Packet Length Mean,Bwd Packet Length Std,Flow Bytes/s,Flow Packets/s,Flow IAT Mean,Flow IAT Std,Flow IAT Max,Flow IAT Min,Fwd IAT Total,Fwd IAT Mean,Fwd IAT Std,Fwd IAT Max,Fwd IAT Min,Bwd IAT Total,Bwd IAT Mean,Bwd IAT Std,Bwd IAT Max,Bwd IAT Min,Fwd PSH Flags,Bwd PSH Flags,Fwd URG Flags,Bwd URG Flags,Fwd Header Length,Bwd Header Length,Fwd Packets/s,Bwd Packets/s,Min Packet Length,Max Packet Length,Packet Length Mean,Packet Length Std,Packet Length Variance,FIN Flag Count,SYN Flag Count,RST Flag Count,PSH Flag Count,ACK Flag Count,URG Flag Count,CWE Flag Count,ECE Flag Count,Down/Up Ratio,Average Packet Size,Avg Fwd Segment Size,Avg Bwd Segment Size,Fwd Header Length.1,Fwd Avg Bytes/Bulk,Fwd Avg Packets/Bulk,Fwd Avg Bulk Rate,Bwd Avg Bytes/Bulk,Bwd Avg Packets/Bulk,Bwd Avg Bulk Rate,Subflow Fwd Packets,Subflow Fwd Bytes,Subflow Bwd Packets,Subflow Bwd Bytes,Init_Win_bytes_forward,Init_Win_bytes_backward,act_data_pkt_fwd,min_seg_size_forward,Active Mean,Active Std,Active Max,Active Min,Idle Mean,Idle Std,Idle Max,Idle Min,label_original,label_normalized,label_binary
6,102,1,6,0.0,36.0,0.0,0.0,0.0,0.0,6.0,6.0,6.0,0.0,352941.17647058825,68627.45098039215,17.000000000000004,38.70400496072726,96.0,1.0,0.0,0.0,0.0,0.0,0.0,101.0,20.2,42.375700584179135,96.0,1.0,0,0,0,0,32,120,9803.921568627453,58823.52941176471,0.0,6.0,4.5,2.7774602993176543,7.7142857142857135,0,0,0,0,0,1,1,0,6.0,5.142857142857143,0.0,6.0,32,0,0,0,0,0,0,1,0,6,36,59,0,0,32,0.0,0.0,0.0,0.0,0.0,0.0,0.0,0.0,BENIGN,BENIGN,0
17,20654,2,2,62.0,318.0,31.0,31.0,31.0,0.0,159.0,159.0,159.0,0.0,18398.37319647526,193.66708627868687,6884.666666666666,11921.994394116002,20651.0,1.0,1.0,1.0,0.0,1.0,1.0,2.0,2.0,0.0,2.0,2.0,0,0,0,0,0,28,96.83354313934348,96.83354313934348,31.0,159.0,82.2,70.10848736066126,4915.2,0,0,0,0,0,0,0,0,1.0,102.75,31.0,159.0,0,0,0,0,0,0,0,2,62,2,318,-1,-1,1,0,0.0,0.0,0.0,0.0,0.0,0.0,0.0,0.0,BENIGN,BENIGN,0
6,659263,18,14,2938.0,6916.0,612.0,0.0,163.22222222222226,231.1555512828729,1571.0,0.0,494.00000000000006,675.2702023292943,14946.99384009113,48.53905042448916,21266.548387096773,47263.17223225621,215124.0,2.0,659263.0,38780.17647058823,80624.56119433713,316717.0,2.0,351718.0,27055.230769230773,43230.7336454708,102673.0,2.0,0,0,0,0,384,304,27.30321586377516,21.235834560714007,0.0,1571.0,298.6060606060606,493.3879647013304,243431.6837121212,0,0,0,0,1,0,0,0,0.0,307.9375,163.22222222222226,494.0,384,0,0,0,0,0,0,18,2938,14,6916,8192,119,16,20,0.0,0.0,0.0,0.0,0.0,0.0,0.0,0.0,BENIGN,BENIGN,0
17,20890,2,2,88.0,164.0,44.0,44.0,44.0,0.0,82.0,82.0,82.0,0.0,12063.188128291047,191.47917663954047,6963.333333333334,12055.650970948574,20884.0,3.0,3.0,3.0,0.0,3.0,3.0,3.0,3.0,0.0,3.0,3.0,0,0,0,0,40,40,95.73958831977023,95.73958831977023,44.0,82.0,59.2,20.81345718519632,433.20000000000016,0,0,0,0,0,0,0,0,1.0,74.0,44.0,82.0,40,0,0,0,0,0,0,2,88,2,164,-1,-1,1,20,0.0,0.0,0.0,0.0,0.0,0.0,0.0,0.0,BENIGN,BENIGN,0
6,1051,5,2,463.0,12.0,216.0,0.0,92.6,113.356958321931,6.0,6.0,6.0,0.0,451950.5233111322,6660.323501427211,175.16666666666669,385.4397056177097,959.0,1.0,1051.0,262.75,522.1668794552178,1046.0,1.0,2.0,2.0,0.0,2.0,2.0,0,0,0,0,160,40,4757.3739295908645,1902.9495718363464,0.0,216.0,59.375,97.20514022269752,9448.839285714286,0,0,0,0,0,1,0,0,0.0,67.85714285714286,92.6,6.0,160,0,0,0,0,0,0,5,463,2,12,59,0,3,32,0.0,0.0,0.0,0.0,0.0,0.0,0.0,0.0,BENIGN,BENIGN,0
6,116998051,42,48,6324.0,2226.0,989.0,0.0,150.57142857142858,289.08629337521626,224.0,0.0,46.375,50.29683167552152,73.0781404213306,0.7692435833824274,1314584.8426966288,8641536.660885615,58153078.0,0.0,116998051.0,2853611.0,12648348.799636802,58219740.0,1.0,116971136.0,2488747.574468085,11832564.71650584,58179808.0,0.0,0,0,0,0,912,984,0.3589803389117995,0.4102632444706279,0.0,989.0,93.95604395604396,205.4108572315988,42193.620268620274,0,0,0,0,1,0,0,0,1.0,95.0,150.57142857142858,46.375,912,0,0,0,0,0,0,42,6324,48,2226,8192,270,36,20,383073.0,178643.45719896938,509393.0,256753.0,57987658.0,233939.2074877573,58153078.0,57822238.0,BENIGN,BENIGN,0
6,1,2,0,37.0,0.0,31.0,6.0,18.5,17.677669529663692,0.0,0.0,0.0,0.0,37000000.0,2000000.0,1.0,0.0,1.0,1.0,1.0,1.0,0.0,1.0,1.0,0.0,0.0,0.0,0.0,0.0,1,0,0,0,40,0,2000000.0,0.0,6.0,31.0,22.666666666666664,14.433756729740644,208.3333333333333,0,0,1,0,0,1,0,0,0.0,34.0,18.5,0.0,40,0,0,0,0,0,0,2,37,0,0,16471,-1,1,20,0.0,0.0,0.0,0.0,0.0,0.0,0.0,0.0,BENIGN,BENIGN,0
0,114407262,56,0,0.0,0.0,0.0,0.0,0.0,0.0,0.0,0.0,0.0,0.0,0.0,0.4894794178362558,2080132.036363636,3885996.447241756,9998663.0,0.0,114407262.0,2080132.036363636,3885996.447241756,9998663.0,0.0,0.0,0.0,0.0,0.0,0.0,0,0,0,0,0,0,0.4894794178362559,0.0,0.0,0.0,0.0,0.0,0.0,0,0,0,0,0,0,0,0,0.0,0.0,0.0,0.0,0,0,0,0,0,0,0,56,0,0,0,-1,-1,0,0,236555.91666666663,819437.6721608831,2838620.0,3.0,9297382.166666666,857110.417087642,9998663.0,6691282.0,BENIGN,BENIGN,0
6,301,1,3,0.0,0.0,0.0,0.0,0.0,0.0,0.0,0.0,0.0,0.0,0.0,13289.036544850498,100.33333333333331,95.08592605287774,193.0,3.0,0.0,0.0,0.0,0.0,0.0,108.0,54.0,72.12489168102785,105.0,3.0,0,0,0,0,20,60,3322.2591362126245,9966.777408637874,0.0,0.0,0.0,0.0,0.0,0,0,0,0,0,1,1,0,3.0,0.0,0.0,0.0,20,0,0,0,0,0,0,1,0,3,0,60,254,0,20,0.0,0.0,0.0,0.0,0.0,0.0,0.0,0.0,BENIGN,BENIGN,0
6,7212138,2,8,0.0,0.0,0.0,0.0,0.0,0.0,0.0,0.0,0.0,0.0,0.0,1.3865513943299477,801348.6666666665,1430831.0769985218,4131832.0,1.0,1.0,1.0,0.0,1.0,1.0,7157226.0,1022460.857142857,1572506.443479478,4131832.0,1.0,0,0,0,0,64,256,0.2773102788659895,1.109241115463958,0.0,0.0,0.0,0.0,0.0,0,0,0,0,1,0,0,0,4.0,0.0,0.0,0.0,64,0,0,0,0,0,0,2,0,8,0,8192,29200,0,32,0.0,0.0,0.0,0.0,0.0,0.0,0.0,0.0,BENIGN,BENIGN,0
17,46627,2,2,64.0,96.0,32.0,32.0,32.0,0.0,48.0,48.0,48.0,0.0,3431.488193535934,85.78720483839835,15542.333333333332,26917.512929937144,46624.0,1.0,2.0,2.0,0.0,2.0,2.0,1.0,1.0,0.0,1.0,1.0,0,0,0,0,64,40,42.89360241919917,42.89360241919917,32.0,48.0,38.4,8.763560920082657,76.8,0,0,0,0,0,0,0,0,1.0,48.0,32.0,48.0,64,0,0,0,0,0,0,2,64,2,96,-1,-1,1,32,0.0,0.0,0.0,0.0,0.0,0.0,0.0,0.0,BENIGN,BENIGN,0
17,21124,2,2,68.0,186.0,34.0,34.0,34.0,0.0,93.0,93.0,93.0,0.0,12024.23783374361,189.3580761219466,7041.333333333334,12191.61696959568,21119.0,2.0,3.0,3.0,0.0,3.0,3.0,2.0,2.0,0.0,2.0,2.0,0,0,0,0,40,40,94.6790380609733,94.6790380609733,34.0,93.0,57.6,32.3156308928048,1044.3,0,0,0,0,0,0,0,0,1.0,72.0,34.0,93.0,40,0,0,0,0,0,0,2,68,2,186,-1,-1,1,20,0.0,0.0,0.0,0.0,0.0,0.0,0.0,0.0,BENIGN,BENIGN,0
6,1,2,0,0.0,0.0,0.0,0.0,0.0,0.0,0.0,0.0,0.0,0.0,0.0,2000000.0,1.0,0.0,1.0,1.0,1.0,1.0,0.0,1.0,1.0,0.0,0.0,0.0,0.0,0.0,0,0,0,0,64,0,2000000.0,0.0,0.0,0.0,0.0,0.0,0.0,0,0,0,0,1,1,0,0,0.0,0.0,0.0,0.0,64,0,0,0,0,0,0,2,0,0,0,29200,-1,0,32,0.0,0.0,0.0,0.0,0.0,0.0,0.0,0.0,BENIGN,BENIGN,0
6,398,4,0,129.0,0.0,46.0,6.0,32.25,18.87458608817688,0.0,0.0,0.0,0.0,324120.6030150754,10050.251256281406,132.66666666666669,172.92291153381996,329.0,3.0,398.0,132.66666666666669,172.92291153381996,329.0,3.0,0.0,0.0,0.0,0.0,0.0,1,0,0,0,80,0,10050.251256281406,0.0,6.0,46.0,35.0,17.464249196572982,305.0,0,0,1,0,0,1,0,0,0.0,43.75,32.25,0.0,80,0,0,0,0,0,0,4,129,0,0,257,-1,3,20,0.0,0.0,0.0,0.0,0.0,0.0,0.0,0.0,BENIGN,BENIGN,0
6,15278422,10,9,610.0,410.0,304.0,0.0,60.99999999999999,128.07289590958214,205.0,0.0,45.55555555555557,90.39650312804018,66.76082124187955,1.243583925093835,848801.222222222,2549792.47508661,9953049.0,1.0,10284263.0,1142695.888888889,3304857.495300912,9953049.0,1.0,15223774.0,1902971.75,3716014.076886714,10060201.0,1.0,0,0,0,0,224,228,0.6545178553125447,0.5890660697812902,0.0,304.0,50.99999999999999,106.83583077246185,11413.894736842103,0,0,0,0,1,0,0,0,0.0,53.68421052631579,61.0,45.55555555555557,224,0,0,0,0,0,0,10,610,9,410,64240,1892,4,20,331211.0,0.0,331211.0,331211.0,9953049.0,0.0,9953049.0,9953049.0,BENIGN,BENIGN,0
6,14341714,2,10,0.0,0.0,0.0,0.0,0.0,0.0,0.0,0.0,0.0,0.0,0.0,0.8367200740441484,1303792.181818182,2557142.090147038,8000031.0,2.0,3.0,3.0,0.0,3.0,3.0,14300384.0,1588931.5555555555,2769574.244445981,8000031.0,2.0,0,0,0,0,64,320,0.1394533456740247,0.6972667283701237,0.0,0.0,0.0,0.0,0.0,0,0,0,0,1,0,0,0,5.0,0.0,0.0,0.0,64,0,0,0,0,0,0,2,0,10,0,8192,60720,0,32,6341680.0,0.0,6341680.0,6341680.0,8000031.0,0.0,8000031.0,8000031.0,BENIGN,BENIGN,0
6,254572,4,0,0.0,0.0,0.0,0.0,0.0,0.0,0.0,0.0,0.0,0.0,0.0,15.712647109658564,84857.33333333331,146924.38814006792,254511.0,1.0,254572.0,84857.33333333331,146924.38814006792,254511.0,1.0,0.0,0.0,0.0,0.0,0.0,0,0,0,0,80,0,15.712647109658564,0.0,0.0,0.0,0.0,0.0,0.0,0,0,0,0,0,1,1,0,0.0,0.0,0.0,0.0,80,0,0,0,0,0,0,4,0,0,0,262,-1,0,20,0.0,0.0,0.0,0.0,0.0,0.0,0.0,0.0,BENIGN,BENIGN,0
6,4781836,12,8,1764.0,3452.0,441.0,0.0,147.0,217.1333900875429,863.0,0.0,431.5,461.2929035408445,1090.7944145303184,4.182493920745086,251675.5789473685,1061700.8683770015,4635433.0,1.0,4781836.0,434712.3636363637,1393485.2910734492,4635433.0,1.0,58631.0,8375.857142857143,14119.387598010657,29339.0,2.0,0,0,0,0,264,184,2.5094963524470515,1.6729975682980345,0.0,863.0,248.3809523809524,350.8165441068132,123072.2476190476,0,0,0,0,1,0,0,0,0.0,260.8,147.0,431.5,264,0,0,0,0,0,0,12,1764,8,3452,8192,245,4,20,0.0,0.0,0.0,0.0,0.0,0.0,0.0,0.0,BENIGN,BENIGN,0
6,114,1,2,6.0,12.0,6.0,6.0,6.0,0.0,6.0,6.0,6.0,0.0,157894.73684210525,26315.78947368421,57.0,77.78174593052024,112.0,2.0,0.0,0.0,0.0,0.0,0.0,2.0,2.0,0.0,2.0,2.0,0,0,0,0,20,40,8771.929824561403,17543.859649122805,6.0,6.0,6.0,0.0,0.0,0,0,0,0,0,1,1,0,2.0,8.0,6.0,6.0,20,0,0,0,0,0,0,1,6,2,12,245,0,0,20,0.0,0.0,0.0,0.0,0.0,0.0,0.0,0.0,BENIGN,BENIGN,0
6,5159964,5,2,0.0,0.0,0.0,0.0,0.0,0.0,0.0,0.0,0.0,0.0,0.0,1.3565986119283002,859994.0,2086135.280993637,5118164.0,1.0,5159964.0,1289991.0,2552191.3906404697,5118164.0,1.0,1.0,1.0,0.0,1.0,1.0,0,0,0,0,124,64,0.9689990085202144,0.3875996034080857,0.0,0.0,0.0,0.0,0.0,0,0,0,0,1,0,0,0,0.0,0.0,0.0,0.0,124,0,0,0,0,0,0,5,0,2,0,8192,60720,0,20,0.0,0.0,0.0,0.0,0.0,0.0,0.0,0.0,BENIGN,BENIGN,0
6,116992204,38,41,9308.0,7460.0,1911.0,0.0,244.9473684210525,513.9003451279415,2524.0,0.0,181.95121951219508,468.2663745785892,143.32578946884357,0.6752586693725335,1499900.0512820513,9233915.492021354,58281674.0,1.0,116992204.0,3161951.45945946,13312852.887296312,58361847.0,1.0,116951159.0,2923778.975,12818752.899444498,58322533.0,1.0,0,0,0,0,832,844,0.324807967546282,0.3504507018262516,0.0,2524.0,209.6,486.0737975954481,236267.7367088608,0,0,0,0,1,0,0,0,1.0,212.253164556962,244.94736842105263,181.95121951219508,832,0,0,0,0,0,0,38,9308,41,7460,8192,289,20,20,300147.5,24927.63535716936,317774.0,282521.0,58054651.5,321058.29846384603,58281674.0,57827629.0,BENIGN,BENIGN,0
6,2,2,0,31.0,0.0,31.0,0.0,15.5,21.92031021678297,0.0,0.0,0.0,0.0,15500000.0,1000000.0,2.0,0.0,2.0,2.0,2.0,2.0,0.0,2.0,2.0,0.0,0.0,0.0,0.0,0.0,1,0,0,0,40,0,1000000.0,0.0,0.0,31.0,20.666666666666664,17.8978583448784,320.33333333333337,0,0,1,0,0,1,0,0,0.0,31.0,15.5,0.0,40,0,0,0,0,0,0,2,31,0,0,253,-1,0,20,0.0,0.0,0.0,0.0,0.0,0.0,0.0,0.0,BENIGN,BENIGN,0
6,3,3,0,0.0,0.0,0.0,0.0,0.0,0.0,0.0,0.0,0.0,0.0,0.0,1000000.0,1.5,0.7071067811865476,2.0,1.0,3.0,1.5,0.7071067811865476,2.0,1.0,0.0,0.0,0.0,0.0,0.0,0,0,0,0,60,0,1000000.0,0.0,0.0,0.0,0.0,0.0,0.0,0,0,0,0,0,1,0,0,0.0,0.0,0.0,0.0,60,0,0,0,0,0,0,3,0,0,0,262,-1,0,20,0.0,0.0,0.0,0.0,0.0,0.0,0.0,0.0,BENIGN,BENIGN,0
6,175,1,2,0.0,0.0,0.0,0.0,0.0,0.0,0.0,0.0,0.0,0.0,0.0,17142.85714285714,87.5,119.50104602052652,172.0,3.0,0.0,0.0,0.0,0.0,0.0,3.0,3.0,0.0,3.0,3.0,0,0,0,0,20,40,5714.2857142857165,11428.571428571431,0.0,0.0,0.0,0.0,0.0,0,0,0,0,0,1,1,0,2.0,0.0,0.0,0.0,20,0,0,0,0,0,0,1,0,2,0,1892,256,0,20,0.0,0.0,0.0,0.0,0.0,0.0,0.0,0.0,BENIGN,BENIGN,0
6,53363437,9,2,264.0,92.0,46.0,6.0,29.33333333333333,18.54049621773916,46.0,46.0,46.0,0.0,6.671234463402349,0.2061336491500725,5336343.7,16847584.97014192,53285389.0,1.0,53363437.0,6670429.625000001,18835307.59724179,53285389.0,1.0,2.0,2.0,0.0,2.0,2.0,1,0,0,0,180,40,0.1686548038500593,0.0374788453000131,6.0,46.0,33.5,17.516226243634268,306.8181818181818,0,0,1,0,0,1,0,0,0.0,36.54545454545455,29.33333333333333,46.0,180,0,0,0,0,0,0,9,264,2,92,257,247,8,20,77827.0,0.0,77827.0,77827.0,53285389.0,0.0,53285389.0,53285389.0,BENIGN,BENIGN,0
6,0,2,0,0.0,0.0,0.0,0.0,0.0,0.0,0.0,0.0,0.0,0.0,422000000.0,1000000.0,0.0,0.0,0.0,0.0,0.0,0.0,0.0,0.0,0.0,0.0,0.0,0.0,0.0,0.0,0,0,0,0,40,0,0.0,0.0,0.0,0.0,0.0,0.0,0.0,0,0,0,0,0,1,0,0,0.0,0.0,0.0,0.0,40,0,0,0,0,0,0,2,0,0,0,1024,-1,0,20,0.0,0.0,0.0,0.0,0.0,0.0,0.0,0.0,BENIGN,BENIGN,0
6,190,1,2,0.0,0.0,0.0,0.0,0.0,0.0,0.0,0.0,0.0,0.0,0.0,15789.473684210525,95.0,132.93607486307093,189.0,1.0,0.0,0.0,0.0,0.0,0.0,1.0,1.0,0.0,1.0,1.0,0,0,0,0,20,40,5263.157894736842,10526.315789473683,0.0,0.0,0.0,0.0,0.0,0,0,0,0,0,1,1,0,2.0,0.0,0.0,0.0,20,0,0,0,0,0,0,1,0,2,0,246,256,0,20,0.0,0.0,0.0,0.0,0.0,0.0,0.0,0.0,BENIGN,BENIGN,0
17,20507,2,2,64.0,96.0,32.0,32.0,32.0,0.0,48.0,48.0,48.0,0.0,7802.213878187936,195.0553469546984,6835.666666666666,11836.2579108996,20503.0,1.0,3.0,3.0,0.0,3.0,3.0,1.0,1.0,0.0,1.0,1.0,0,0,0,0,40,40,97.5276734773492,97.5276734773492,32.0,48.0,38.4,8.763560920082657,76.8,0,0,0,0,0,0,0,0,1.0,48.0,32.0,48.0,40,0,0,0,0,0,0,2,64,2,96,-1,-1,1,20,0.0,0.0,0.0,0.0,0.0,0.0,0.0,0.0,BENIGN,BENIGN,0
6,1,2,0,0.0,0.0,0.0,0.0,0.0,0.0,0.0,0.0,0.0,0.0,0.0,2000000.0,1.0,0.0,1.0,1.0,1.0,1.0,0.0,1.0,1.0,0.0,0.0,0.0,0.0,0.0,0,0,0,0,40,0,2000000.0,0.0,0.0,0.0,0.0,0.0,0.0,0,0,0,0,0,1,0,0,0.0,0.0,0.0,0.0,40,0,0,0,0,0,0,2,0,0,0,16127,-1,0,20,0.0,0.0,0.0,0.0,0.0,0.0,0.0,0.0,BENIGN,BENIGN,0
6,499857,4,0,0.0,0.0,0.0,0.0,0.0,0.0,0.0,0.0,0.0,0.0,0.0,8.002288654555203,166619.0,288590.8414555112,499855.0,1.0,499857.0,166619.0,288590.8414555112,499855.0,1.0,0.0,0.0,0.0,0.0,0.0,0,0,0,0,80,0,8.002288654555203,0.0,0.0,0.0,0.0,0.0,0.0,0,0,0,0,0,1,1,0,0.0,0.0,0.0,0.0,80,0,0,0,0,0,0,4,0,0,0,4272,-1,0,20,0.0,0.0,0.0,0.0,0.0,0.0,0.0,0.0,BENIGN,BENIGN,0
6,13676175,5,4,0.0,0.0,0.0,0.0,0.0,0.0,0.0,0.0,0.0,0.0,0.0,0.6580787391211358,1709521.875,3627485.744119647,10194770.0,0.0,13676175.0,3419043.75,4825296.3395845005,10235957.0,1.0,10235981.0,3411993.666666667,5909704.816599246,10235933.0,0.0,0,0,0,0,160,128,0.3655992995117421,0.2924794396093937,0.0,0.0,0.0,0.0,0.0,0,0,0,0,0,1,0,0,0.0,0.0,0.0,0.0,160,0,0,0,0,0,0,5,0,4,0,273,252,0,32,41188.0,0.0,41188.0,41188.0,10194770.0,0.0,10194770.0,10194770.0,BENIGN,BENIGN,0
17,20610,2,2,84.0,116.0,42.0,42.0,42.0,0.0,58.0,58.0,58.0,0.0,9704.02717127608,194.0805434255216,6870.0,11893.99289557548,20604.0,3.0,3.0,3.0,0.0,3.0,3.0,3.0,3.0,0.0,3.0,3.0,0,0,0,0,64,40,97.0402717127608,97.0402717127608,42.0,58.0,48.4,8.763560920082657,76.8,0,0,0,0,0,0,0,0,1.0,60.5,42.0,58.0,64,0,0,0,0,0,0,2,84,2,116,-1,-1,1,32,0.0,0.0,0.0,0.0,0.0,0.0,0.0,0.0,BENIGN,BENIGN,0
17,20674,2,2,50.0,82.0,25.0,25.0,25.0,0.0,41.0,41.0,41.0,0.0,6384.831188932959,193.47973299796843,6891.333333333334,11931.8093486836,20669.0,2.0,2.0,2.0,0.0,2.0,2.0,3.0,3.0,0.0,3.0,3.0,0,0,0,0,40,40,96.73986649898424,96.73986649898424,25.0,41.0,31.4,8.763560920082657,76.8,0,0,0,0,0,0,0,0,1.0,39.25,25.0,41.0,40,0,0,0,0,0,0,2,50,2,82,-1,-1,1,20,0.0,0.0,0.0,0.0,0.0,0.0,0.0,0.0,BENIGN,BENIGN,0
6,1,2,0,31.0,0.0,31.0,0.0,15.5,21.92031021678297,0.0,0.0,0.0,0.0,31000000.0,2000000.0,1.0,0.0,1.0,1.0,1.0,1.0,0.0,1.0,1.0,0.0,0.0,0.0,0.0,0.0,1,0,0,0,40,0,2000000.0,0.0,0.0,31.0,20.666666666666664,17.8978583448784,320.33333333333337,0,0,1,0,0,1,0,0,0.0,31.0,15.5,0.0,40,0,0,0,0,0,0,2,31,0,0,255,-1,0,20,0.0,0.0,0.0,0.0,0.0,0.0,0.0,0.0,BENIGN,BENIGN,0
6,56094,3,6,18.0,6828.0,6.0,6.0,6.0,0.0,1460.0,6.0,1138.0,586.5996931468683,122045.1385174885,160.44496737618996,7011.750000000003,19118.57117905445,54308.0,2.0,54481.0,27240.5,38519.64190513719,54478.0,3.0,1786.0,357.2,700.0501410613385,1603.0,3.0,0,0,0,0,60,120,53.48165579206332,106.96331158412664,6.0,1460.0,685.1999999999998,729.9858141696242,532879.2888888889,0,0,0,0,0,1,1,0,2.0,761.3333333333335,6.0,1138.0,60,0,0,0,0,0,0,3,18,6,6828,16425,1892,2,20,0.0,0.0,0.0,0.0,0.0,0.0,0.0,0.0,BENIGN,BENIGN,0
6,153,1,2,0.0,0.0,0.0,0.0,0.0,0.0,0.0,0.0,0.0,0.0,0.0,19607.843137254906,76.5,106.77312395916869,152.0,1.0,0.0,0.0,0.0,0.0,0.0,1.0,1.0,0.0,1.0,1.0,0,0,0,0,20,40,6535.9477124183,13071.8954248366,0.0,0.0,0.0,0.0,0.0,0,0,0,0,0,1,1,0,2.0,0.0,0.0,0.0,20,0,0,0,0,0,0,1,0,2,0,246,254,0,20,0.0,0.0,0.0,0.0,0.0,0.0,0.0,0.0,BENIGN,BENIGN,0
17,20644,2,2,76.0,180.0,38.0,38.0,38.0,0.0,90.0,90.0,90.0,0.0,12400.697539236582,193.7608990505716,6881.333333333334,11913.622804727927,20638.0,3.0,3.0,3.0,0.0,3.0,3.0,3.0,3.0,0.0,3.0,3.0,0,0,0,0,40,40,96.8804495252858,96.8804495252858,38.0,90.0,58.8,28.48157299026864,811.2,0,0,0,0,0,0,0,0,1.0,73.5,38.0,90.0,40,0,0,0,0,0,0,2,76,2,180,-1,-1,1,20,0.0,0.0,0.0,0.0,0.0,0.0,0.0,0.0,BENIGN,BENIGN,0
17,45090,2,2,88.0,120.0,44.0,44.0,44.0,0.0,60.0,60.0,60.0,0.0,4612.996229762697,88.71146595697495,15030.0,26027.52748533752,45084.0,3.0,3.0,3.0,0.0,3.0,3.0,3.0,3.0,0.0,3.0,3.0,0,0,0,0,64,40,44.355732978487474,44.355732978487474,44.0,60.0,50.4,8.763560920082657,76.8,0,0,0,0,0,0,0,0,1.0,63.0,44.0,60.0,64,0,0,0,0,0,0,2,88,2,120,-1,-1,1,32,0.0,0.0,0.0,0.0,0.0,0.0,0.0,0.0,BENIGN,BENIGN,0
6,117298264,26,21,1834.0,6384.0,517.0,0.0,70.53846153846152,140.92813225732633,2709.0,0.0,303.99999999999994,680.4730707382914,70.06071291899086,0.4006879419801132,2549962.2608695654,12002311.324454175,58597074.0,0.0,117298264.0,4691930.56,16113273.417259766,58597074.0,0.0,117048841.0,5852442.05,17982539.79903484,58756221.0,2.0,0,0,0,0,544,444,0.2216571593932541,0.1790307825868591,0.0,2709.0,171.20833333333331,470.8639392550466,221712.8492907802,0,0,0,0,1,0,0,0,0.0,174.85106382978722,70.53846153846153,304.0,544,0,0,0,0,0,0,26,1834,21,6384,8192,246,12,20,295503.0,65237.67163227088,341633.0,249373.0,58228925.5,520640.6016673114,58597074.0,57860777.0,BENIGN,BENIGN,0
6,116064703,33,30,894.0,2820.0,436.0,0.0,27.09090909090909,105.4743344481146,705.0,0.0,94.0,243.75086206744103,31.999392614652194,0.5428006824779451,1872011.3387096776,3864990.715563594,10004355.0,1.0,116064703.0,3627021.96875,4796365.668284743,10030871.0,1.0,110401455.0,3806946.72413793,4936284.882555936,10030880.0,1.0,0,0,0,0,708,888,0.2843241670122569,0.2584765154656882,0.0,705.0,58.03125,184.8545518972764,34171.20535714284,0,0,0,0,1,0,0,0,0.0,58.95238095238096,27.09090909090909,94.0,708,0,0,0,0,0,0,33,894,30,2820,8192,242,24,20,51803.90909090909,83855.58707856567,304638.0,26469.0,9984698.81818182,65028.01118259408,10004355.0,9788632.0,BENIGN,BENIGN,0
6,14340397,2,10,0.0,0.0,0.0,0.0,0.0,0.0,0.0,0.0,0.0,0.0,0.0,0.8367969171285844,1303672.4545454544,2557278.251772238,8000040.0,2.0,2.0,2.0,0.0,2.0,2.0,14299696.0,1588855.111111111,2769704.3984981254,8000040.0,3.0,0,0,0,0,64,320,0.139466152854764,0.6973307642738203,0.0,0.0,0.0,0.0,0.0,0,0,0,0,1,0,0,0,5.0,0.0,0.0,0.0,64,0,0,0,0,0,0,2,0,10,0,8192,60720,0,32,6340354.0,0.0,6340354.0,6340354.0,8000040.0,0.0,8000040.0,8000040.0,BENIGN,BENIGN,0
6,77,1,2,0.0,0.0,0.0,0.0,0.0,0.0,0.0,0.0,0.0,0.0,0.0,38961.03896103896,38.5,53.03300858899106,76.0,1.0,0.0,0.0,0.0,0.0,0.0,1.0,1.0,0.0,1.0,1.0,0,0,0,0,20,40,12987.012987012988,25974.025974025968,0.0,0.0,0.0,0.0,0.0,0,0,0,0,0,1,1,0,2.0,0.0,0.0,0.0,20,0,0,0,0,0,0,1,0,2,0,1892,256,0,20,0.0,0.0,0.0,0.0,0.0,0.0,0.0,0.0,BENIGN,BENIGN,0
17,20617,2,2,86.0,198.0,43.0,43.0,43.0,0.0,99.0,99.0,99.0,0.0,13775.040015521172,194.014648105932,6872.333333333334,11900.632434174804,20614.0,1.0,1.0,1.0,0.0,1.0,1.0,2.0,2.0,0.0,2.0,2.0,0,0,0,0,40,40,97.007324052966,97.007324052966,43.0,99.0,65.4,30.672463220289305,940.8,0,0,0,0,0,0,0,0,1.0,81.75,43.0,99.0,40,0,0,0,0,0,0,2,86,2,198,-1,-1,1,20,0.0,0.0,0.0,0.0,0.0,0.0,0.0,0.0,BENIGN,BENIGN,0
17,45142,2,2,88.0,144.0,44.0,44.0,44.0,0.0,72.0,72.0,72.0,0.0,5139.338088697887,88.60927739134287,15047.333333333332,26057.54969933538,45136.0,3.0,3.0,3.0,0.0,3.0,3.0,3.0,3.0,0.0,3.0,3.0,0,0,0,0,40,40,44.30463869567144,44.30463869567144,44.0,72.0,55.2,15.336231610144653,235.2,0,0,0,0,0,0,0,0,1.0,69.0,44.0,72.0,40,0,0,0,0,0,0,2,88,2,144,-1,-1,1,20,0.0,0.0,0.0,0.0,0.0,0.0,0.0,0.0,BENIGN,BENIGN,0
6,302101,15,14,3408.0,9560.0,805.0,0.0,227.2,291.695584960956,1460.0,0.0,682.8571428571429,624.8870491343409,42926.04129082658,95.9943859834956,10789.321428571426,21986.12334591403,62506.0,1.0,302101.0,21578.642857142848,30102.22952542052,67539.0,1.0,245305.0,18869.615384615383,29425.504137676387,70598.0,2.0,0,0,0,0,324,304,49.65226861215289,46.34211737134271,0.0,1460.0,432.26666666666665,524.051717198647,274630.2022988507,0,0,0,0,1,0,0,0,0.0,447.1724137931034,227.2,682.8571428571429,324,0,0,0,0,0,0,15,3408,14,9560,8192,256,13,20,0.0,0.0,0.0,0.0,0.0,0.0,0.0,0.0,BENIGN,BENIGN,0
6,118926815,80,109,15288.0,56564.0,1303.0,0.0,191.1,350.4631149446527,2525.0,0.0,518.9357798165139,661.3092272044363,604.169883806272,1.5892126599034877,632589.4414893617,5976788.646087297,58232036.0,0.0,118926815.0,1505402.7215189869,9187041.325207883,58291217.0,0.0,118849203.0,1100455.5833333335,7875477.505691176,58272484.0,0.0,0,0,0,0,1624,2204,0.6726826073665556,0.916530052536932,0.0,2525.0,378.1684210526315,572.9216804307084,328239.2519075468,0,0,0,0,1,0,0,0,1.0,380.1693121693122,191.1,518.9357798165138,1624,0,0,0,0,0,0,80,15288,109,56564,8192,313,78,20,1311266.5,1766542.951128135,2560401.0,62132.0,58113279.5,167947.05291996044,58232036.0,57994523.0,BENIGN,BENIGN,0
6,0,2,0,1193.0,0.0,1162.0,31.0,596.5,799.7377695219853,0.0,0.0,0.0,0.0,422000000.0,1000000.0,0.0,0.0,0.0,0.0,0.0,0.0,0.0,0.0,0.0,0.0,0.0,0.0,0.0,0.0,1,0,0,0,40,0,0.0,0.0,31.0,1162.0,785.0,652.9831544534667,426387.0,0,0,1,0,0,1,0,0,0.0,1177.5,596.5,0.0,40,0,0,0,0,0,0,2,1193,0,0,33096,-1,1,20,0.0,0.0,0.0,0.0,0.0,0.0,0.0,0.0,BENIGN,BENIGN,0
6,90164576,74,43,21788.0,15596.0,750.0,0.0,294.43243243243245,338.36306516113,1448.0,0.0,362.6976744186045,431.5553010352273,414.619595172277,1.2976271301935696,777280.8275862068,2560589.054936958,9777187.0,1.0,89943525.0,1232103.082191781,3147619.909388233,9777187.0,1.0,89943946.0,2141522.5238095243,4055779.498597605,9998301.0,1.0,0,0,0,0,2384,1392,0.8207214327720013,0.4769056974215684,0.0,1448.0,316.8135593220339,374.4829586380399,140237.4863102999,0,0,0,0,1,0,0,0,0.0,319.5213675213675,294.43243243243245,362.6976744186047,2384,0,0,0,0,0,0,74,21788,43,15596,29200,102,34,32,430895.33333333326,159226.16185947586,706328.0,221838.0,9562829.333333334,166445.2191420649,9777187.0,9237420.0,BENIGN,BENIGN,0
6,115719369,31,28,902.0,1576.0,440.0,0.0,29.096774193548395,109.6930124905288,788.0,0.0,56.28571428571429,206.66502815530703,21.41387411125617,0.5098541455060993,1995161.5344827585,3968470.650082192,10019620.0,2.0,115719369.0,3857312.299999999,4871047.7856404325,10047550.0,2.0,110452956.0,4090850.222222222,5025314.0423087785,10047527.0,2.0,0,0,0,0,644,848,0.2678894662828657,0.2419646792232336,0.0,788.0,41.3,160.86464464979585,25877.43389830509,0,0,0,0,1,0,0,0,0.0,42.0,29.096774193548388,56.28571428571429,644,0,0,0,0,0,0,31,902,28,1576,8192,288,24,20,36180.63636363636,27267.44477677629,118395.0,27910.0,10005002.909090908,17393.05501316242,10019620.0,9956752.0,BENIGN,BENIGN,0
6,116023040,42,37,2347.0,7002.0,517.0,0.0,55.88095238095241,153.5425900048984,2783.0,0.0,189.24324324324328,544.6268042025254,80.57882296481803,0.6808992420815728,1487474.871794872,3572635.9815247613,10219205.0,1.0,116023040.0,2829830.24390244,4559268.87414003,10240029.0,1.0,112526452.0,3125734.777777778,4769754.43276584,10240197.0,1.0,0,0,0,0,1360,1200,0.3619970654104564,0.3189021766711164,0.0,2783.0,116.86250000000004,389.880466710997,152006.77832278484,0,0,0,0,1,0,0,0,0.0,118.34177215189872,55.88095238095239,189.24324324324328,1360,0,0,0,0,0,0,42,2347,37,7002,29200,243,7,32,34977.36363636364,46729.87189640632,175873.0,20777.0,10194721.909090908,65538.57835573562,10219205.0,10002820.0,BENIGN,BENIGN,0
6,2,2,0,12.0,0.0,6.0,6.0,6.0,0.0,0.0,0.0,0.0,0.0,6000000.0,1000000.0,2.0,0.0,2.0,2.0,2.0,2.0,0.0,2.0,2.0,0.0,0.0,0.0,0.0,0.0,0,0,0,0,40,0,1000000.0,0.0,6.0,6.0,6.0,0.0,0.0,0,0,0,0,0,1,1,0,0.0,9.0,6.0,0.0,40,0,0,0,0,0,0,2,12,0,0,246,-1,1,20,0.0,0.0,0.0,0.0,0.0,0.0,0.0,0.0,BENIGN,BENIGN,0
17,20687,2,2,74.0,200.0,37.0,37.0,37.0,0.0,100.0,100.0,100.0,0.0,13245.033112582783,193.3581476289457,6895.666666666666,11938.44886630308,20681.0,3.0,3.0,3.0,0.0,3.0,3.0,3.0,3.0,0.0,3.0,3.0,0,0,0,0,64,40,96.67907381447289,96.67907381447289,37.0,100.0,62.2,34.50652112282547,1190.7,0,0,0,0,0,0,0,0,1.0,77.75,37.0,100.0,64,0,0,0,0,0,0,2,74,2,200,-1,-1,1,32,0.0,0.0,0.0,0.0,0.0,0.0,0.0,0.0,BENIGN,BENIGN,0
17,46294,2,2,84.0,140.0,42.0,42.0,42.0,0.0,70.0,70.0,70.0,0.0,4838.639996543829,86.40428565256836,15431.333333333332,26722.65720944183,46288.0,3.0,3.0,3.0,0.0,3.0,3.0,3.0,3.0,0.0,3.0,3.0,0,0,0,0,40,40,43.20214282628418,43.20214282628418,42.0,70.0,53.2,15.336231610144653,235.2,0,0,0,0,0,0,0,0,1.0,66.5,42.0,70.0,40,0,0,0,0,0,0,2,84,2,140,-1,-1,1,20,0.0,0.0,0.0,0.0,0.0,0.0,0.0,0.0,BENIGN,BENIGN,0
6,49160672,13,10,128.0,60.0,31.0,6.0,9.846153846153848,9.388345202485135,6.0,6.0,6.0,0.0,3.824195080164893,0.4678536534244284,2234576.0,4209967.1842651935,10010753.0,2.0,49160672.0,4096722.666666666,5070014.781994487,10032271.0,2.0,40128034.0,4458670.444444444,5287329.645518192,10032215.0,2.0,0,0,0,0,260,200,0.2644390215007639,0.2034146319236644,6.0,31.0,8.083333333333334,7.058246282166,49.81884057971015,0,0,0,0,0,1,0,0,0.0,8.434782608695652,9.846153846153848,6.0,260,0,0,0,0,0,0,13,128,10,60,252,5398,12,20,21404.2,106.12586866546724,21521.0,21238.0,9810729.2,446997.9349999281,10010753.0,9011115.0,BENIGN,BENIGN,0
6,1,2,0,31.0,0.0,31.0,0.0,15.5,21.92031021678297,0.0,0.0,0.0,0.0,31000000.0,2000000.0,1.0,0.0,1.0,1.0,1.0,1.0,0.0,1.0,1.0,0.0,0.0,0.0,0.0,0.0,1,0,0,0,40,0,2000000.0,0.0,0.0,31.0,20.666666666666664,17.8978583448784,320.33333333333337,0,0,1,0,0,1,0,0,0.0,31.0,15.5,0.0,40,0,0,0,0,0,0,2,31,0,0,255,-1,0,20,0.0,0.0,0.0,0.0,0.0,0.0,0.0,0.0,BENIGN,BENIGN,0
6,95,1,2,0.0,0.0,0.0,0.0,0.0,0.0,0.0,0.0,0.0,0.0,0.0,31578.94736842105,47.5,62.93250352560272,92.0,3.0,0.0,0.0,0.0,0.0,0.0,3.0,3.0,0.0,3.0,3.0,0,0,0,0,20,40,10526.315789473683,21052.631578947367,0.0,0.0,0.0,0.0,0.0,0,0,0,0,0,1,1,0,2.0,0.0,0.0,0.0,20,0,0,0,0,0,0,1,0,2,0,1026,0,0,20,0.0,0.0,0.0,0.0,0.0,0.0,0.0,0.0,BENIGN,BENIGN,0
17,45396,2,2,70.0,102.0,35.0,35.0,35.0,0.0,51.0,51.0,51.0,0.0,3788.8800775398713,88.11349017534585,15132.0,26205.92871851712,45392.0,2.0,2.0,2.0,0.0,2.0,2.0,2.0,2.0,0.0,2.0,2.0,0,0,0,0,40,40,44.05674508767292,44.05674508767292,35.0,51.0,41.4,8.763560920082657,76.8,0,0,0,0,0,0,0,0,1.0,51.75,35.0,51.0,40,0,0,0,0,0,0,2,70,2,102,-1,-1,1,20,0.0,0.0,0.0,0.0,0.0,0.0,0.0,0.0,BENIGN,BENIGN,0
6,1,2,0,37.0,0.0,31.0,6.0,18.5,17.677669529663692,0.0,0.0,0.0,0.0,37000000.0,2000000.0,1.0,0.0,1.0,1.0,1.0,1.0,0.0,1.0,1.0,0.0,0.0,0.0,0.0,0.0,1,0,0,0,40,0,2000000.0,0.0,6.0,31.0,22.666666666666664,14.433756729740644,208.3333333333333,0,0,1,0,0,1,0,0,0.0,34.0,18.5,0.0,40,0,0,0,0,0,0,2,37,0,0,257,-1,1,20,0.0,0.0,0.0,0.0,0.0,0.0,0.0,0.0,BENIGN,BENIGN,0
6,126744,14,14,5300.0,14800.0,2007.0,0.0,378.57142857142856,713.3884166196091,3480.0,0.0,1057.142857142857,1203.1093598954883,158587.3887521303,220.9177554756044,4694.222222222223,9169.493389803009,29100.0,1.0,98819.0,7601.461538461539,15477.679803593435,51977.0,2.0,105608.0,8123.692307692309,15453.009207403671,50405.0,1.0,0,0,0,0,304,288,110.45887773780218,110.45887773780218,0.0,3480.0,693.1034482758623,1020.3973436442571,1041210.7389162563,0,0,0,0,1,0,0,0,1.0,717.8571428571429,378.57142857142856,1057.142857142857,304,0,0,0,0,0,0,14,5300,14,14800,8192,35040,6,20,0.0,0.0,0.0,0.0,0.0,0.0,0.0,0.0,BENIGN,BENIGN,0
6,115151945,33,30,902.0,3152.0,440.0,0.0,27.33333333333333,106.44354920175606,788.0,0.0,105.06666666666663,272.4477720697072,35.205658054668554,0.547103220879161,1857289.435483871,3851949.051680753,10017966.0,2.0,115151945.0,3598498.2812500005,4787572.385089412,10046402.0,2.0,110393584.0,3806675.3103448274,4937471.028711807,10046367.0,2.0,0,0,0,0,708,888,0.2865778776033701,0.2605253432757909,0.0,788.0,63.34374999999999,203.7038948712426,41495.27678571426,0,0,0,0,1,0,0,0,0.0,64.34920634920636,27.33333333333333,105.06666666666666,708,0,0,0,0,0,0,33,902,30,3152,8192,288,24,20,51752.72727272727,77462.87843746952,285312.0,28302.0,9984026.0,66391.61184969093,10017966.0,9784341.0,BENIGN,BENIGN,0
6,1,2,0,31.0,0.0,31.0,0.0,15.5,21.92031021678297,0.0,0.0,0.0,0.0,31000000.0,2000000.0,1.0,0.0,1.0,1.0,1.0,1.0,0.0,1.0,1.0,0.0,0.0,0.0,0.0,0.0,1,0,0,0,40,0,2000000.0,0.0,0.0,31.0,20.666666666666664,17.8978583448784,320.33333333333337,0,0,1,0,0,1,0,0,0.0,31.0,15.5,0.0,40,0,0,0,0,0,0,2,31,0,0,258,-1,0,20,0.0,0.0,0.0,0.0,0.0,0.0,0.0,0.0,BENIGN,BENIGN,0
6,1,2,0,0.0,0.0,0.0,0.0,0.0,0.0,0.0,0.0,0.0,0.0,0.0,2000000.0,1.0,0.0,1.0,1.0,1.0,1.0,0.0,1.0,1.0,0.0,0.0,0.0,0.0,0.0,0,0,0,0,64,0,2000000.0,0.0,0.0,0.0,0.0,0.0,0.0,0,0,0,0,1,1,0,0,0.0,0.0,0.0,0.0,64,0,0,0,0,0,0,2,0,0,0,29200,-1,0,32,0.0,0.0,0.0,0.0,0.0,0.0,0.0,0.0,BENIGN,BENIGN,0
6,2,3,0,62.0,0.0,31.0,0.0,20.666666666666664,17.8978583448784,0.0,0.0,0.0,0.0,31000000.0,1500000.0,1.0,0.0,1.0,1.0,2.0,1.0,0.0,1.0,1.0,0.0,0.0,0.0,0.0,0.0,1,0,0,0,60,0,1500000.0,0.0,0.0,31.0,23.25,15.5,240.25,0,0,1,0,0,1,0,0,0.0,31.0,20.666666666666668,0.0,60,0,0,0,0,0,0,3,62,0,0,245,-1,1,20,0.0,0.0,0.0,0.0,0.0,0.0,0.0,0.0,BENIGN,BENIGN,0
17,21003,2,2,76.0,356.0,38.0,38.0,38.0,0.0,178.0,178.0,178.0,0.0,20568.490215683472,190.44898347855067,7001.0,12121.757587082824,20998.0,2.0,3.0,3.0,0.0,3.0,3.0,2.0,2.0,0.0,2.0,2.0,0,0,0,0,64,40,95.22449173927534,95.22449173927534,38.0,178.0,94.0,76.68115805072324,5880.0,0,0,0,0,0,0,0,0,1.0,117.5,38.0,178.0,64,0,0,0,0,0,0,2,76,2,356,-1,-1,1,32,0.0,0.0,0.0,0.0,0.0,0.0,0.0,0.0,BENIGN,BENIGN,0
17,20648,2,2,100.0,156.0,50.0,50.0,50.0,0.0,78.0,78.0,78.0,0.0,12398.29523440527,193.7233630375824,6882.666666666666,11916.798241697865,20643.0,2.0,3.0,3.0,0.0,3.0,3.0,2.0,2.0,0.0,2.0,2.0,0,0,0,0,64,40,96.86168151879116,96.86168151879116,50.0,78.0,61.2,15.336231610144653,235.2,0,0,0,0,0,0,0,0,1.0,76.5,50.0,78.0,64,0,0,0,0,0,0,2,100,2,156,-1,-1,1,32,0.0,0.0,0.0,0.0,0.0,0.0,0.0,0.0,BENIGN,BENIGN,0
17,20863,2,2,64.0,140.0,32.0,32.0,32.0,0.0,70.0,70.0,70.0,0.0,9778.07601974788,191.7269807793702,6954.333333333334,12041.794564488026,20859.0,2.0,2.0,2.0,0.0,2.0,2.0,2.0,2.0,0.0,2.0,2.0,0,0,0,0,64,40,95.8634903896851,95.8634903896851,32.0,70.0,47.2,20.81345718519632,433.20000000000016,0,0,0,0,0,0,0,0,1.0,59.0,32.0,70.0,64,0,0,0,0,0,0,2,64,2,140,-1,-1,1,32,0.0,0.0,0.0,0.0,0.0,0.0,0.0,0.0,BENIGN,BENIGN,0
6,14340814,2,10,0.0,0.0,0.0,0.0,0.0,0.0,0.0,0.0,0.0,0.0,0.0,0.8367725848755866,1303710.3636363638,2557253.199997969,7999987.0,1.0,1.0,1.0,0.0,1.0,1.0,14299924.0,1588880.4444444445,2769683.3215373247,7999987.0,1.0,0,0,0,0,64,320,0.1394620974792644,0.6973104873963222,0.0,0.0,0.0,0.0,0.0,0,0,0,0,1,0,0,0,5.0,0.0,0.0,0.0,64,0,0,0,0,0,0,2,0,10,0,8192,60720,0,32,6340824.0,0.0,6340824.0,6340824.0,7999987.0,0.0,7999987.0,7999987.0,BENIGN,BENIGN,0
6,140,1,2,0.0,0.0,0.0,0.0,0.0,0.0,0.0,0.0,0.0,0.0,0.0,21428.57142857143,70.0,94.75230867899737,137.0,3.0,0.0,0.0,0.0,0.0,0.0,3.0,3.0,0.0,3.0,3.0,0,0,0,0,32,64,7142.857142857143,14285.714285714286,0.0,0.0,0.0,0.0,0.0,0,0,0,0,0,1,1,0,2.0,0.0,0.0,0.0,32,0,0,0,0,0,0,1,0,2,0,126,350,0,32,0.0,0.0,0.0,0.0,0.0,0.0,0.0,0.0,BENIGN,BENIGN,0
6,1,2,0,31.0,0.0,31.0,0.0,15.5,21.92031021678297,0.0,0.0,0.0,0.0,31000000.0,2000000.0,1.0,0.0,1.0,1.0,1.0,1.0,0.0,1.0,1.0,0.0,0.0,0.0,0.0,0.0,1,0,0,0,40,0,2000000.0,0.0,0.0,31.0,20.666666666666664,17.8978583448784,320.33333333333337,0,0,1,0,0,1,0,0,0.0,31.0,15.5,0.0,40,0,0,0,0,0,0,2,31,0,0,254,-1,0,20,0.0,0.0,0.0,0.0,0.0,0.0,0.0,0.0,BENIGN,BENIGN,0
17,45910,2,2,70.0,126.0,35.0,35.0,35.0,0.0,63.0,63.0,63.0,0.0,4269.222391635809,87.12698758440428,15303.333333333332,26504.41880768815,45908.0,1.0,1.0,1.0,0.0,1.0,1.0,1.0,1.0,0.0,1.0,1.0,0,0,0,0,40,40,43.56349379220214,43.56349379220214,35.0,63.0,46.2,15.336231610144653,235.2,0,0,0,0,0,0,0,0,1.0,57.75,35.0,63.0,40,0,0,0,0,0,0,2,70,2,126,-1,-1,1,20,0.0,0.0,0.0,0.0,0.0,0.0,0.0,0.0,BENIGN,BENIGN,0
6,236,3,2,76.0,0.0,38.0,0.0,25.333333333333336,21.939310229205777,0.0,0.0,0.0,0.0,322033.89830508473,21186.440677966104,59.0,71.37226352022192,152.0,3.0,236.0,118.0,162.63455967290594,233.0,3.0,3.0,3.0,0.0,3.0,3.0,1,0,0,0,60,40,12711.86440677966,8474.57627118644,0.0,38.0,19.0,20.81345718519632,433.2,0,0,1,0,0,1,0,0,0.0,22.8,25.33333333333333,0.0,60,0,0,0,0,0,0,3,76,2,0,246,0,1,20,0.0,0.0,0.0,0.0,0.0,0.0,0.0,0.0,BENIGN,BENIGN,0
17,54377,2,2,76.0,188.0,38.0,38.0,38.0,0.0,94.0,94.0,94.0,0.0,4854.99383930706,73.56051271677363,18125.666666666664,31392.84353691672,54375.0,1.0,1.0,1.0,0.0,1.0,1.0,1.0,1.0,0.0,1.0,1.0,0,0,0,0,40,40,36.780256358386815,36.780256358386815,38.0,94.0,60.4,30.672463220289305,940.8,0,0,0,0,0,0,0,0,1.0,75.5,38.0,94.0,40,0,0,0,0,0,0,2,76,2,188,-1,-1,1,20,0.0,0.0,0.0,0.0,0.0,0.0,0.0,0.0,BENIGN,BENIGN,0
6,10389225,17,17,9606.0,1728.0,2394.0,0.0,565.0588235294118,796.7572929214576,330.0,0.0,101.64705882352942,138.82000088985313,1090.9379669802129,3.2726213937998265,314825.0,1704228.4994099054,9804326.0,1.0,584895.0,36555.9375,76109.55903298767,224379.0,1.0,10363657.0,647728.5625,2495040.535487202,9999819.0,1.0,0,0,0,0,364,364,1.6363106968999133,1.6363106968999133,0.0,2394.0,323.82857142857137,603.8800760237809,364671.1462184874,0,0,0,0,1,0,0,0,1.0,333.35294117647067,565.0588235294118,101.64705882352942,364,0,0,0,0,0,0,17,9606,17,1728,8192,83,15,20,584895.0,0.0,584895.0,584895.0,9804326.0,0.0,9804326.0,9804326.0,BENIGN,BENIGN,0
6,7210701,2,8,0.0,0.0,0.0,0.0,0.0,0.0,0.0,0.0,0.0,0.0,0.0,1.386827716195693,801189.0,1429723.3637050209,4127852.0,1.0,3.0,3.0,0.0,3.0,3.0,7155814.0,1022259.1428571428,1571193.6522768743,4127852.0,1.0,0,0,0,0,64,256,0.2773655432391386,1.1094621729565544,0.0,0.0,0.0,0.0,0.0,0,0,0,0,1,0,0,0,4.0,0.0,0.0,0.0,64,0,0,0,0,0,0,2,0,8,0,8192,29200,0,32,0.0,0.0,0.0,0.0,0.0,0.0,0.0,0.0,BENIGN,BENIGN,0
17,20600,2,2,90.0,122.0,45.0,45.0,45.0,0.0,61.0,61.0,61.0,0.0,10291.26213592233,194.17475728155333,6866.666666666666,11890.81747960725,20597.0,1.0,2.0,2.0,0.0,2.0,2.0,1.0,1.0,0.0,1.0,1.0,0,0,0,0,-2125437950,-2125437950,97.08737864077668,97.08737864077668,45.0,61.0,51.4,8.763560920082657,76.8,0,0,0,0,0,0,0,0,1.0,64.25,45.0,61.0,-2125437950,0,0,0,0,0,0,2,90,2,122,-1,-1,1,-1062718975,0.0,0.0,0.0,0.0,0.0,0.0,0.0,0.0,BENIGN,BENIGN,0
17,20800,2,2,62.0,94.0,31.0,31.0,31.0,0.0,47.0,47.0,47.0,0.0,7500.0,192.30769230769232,6933.333333333334,12004.555482538006,20795.0,2.0,2.0,2.0,0.0,2.0,2.0,3.0,3.0,0.0,3.0,3.0,0,0,0,0,64,64,96.15384615384616,96.15384615384616,31.0,47.0,37.4,8.763560920082657,76.8,0,0,0,0,0,0,0,0,1.0,46.75,31.0,47.0,64,0,0,0,0,0,0,2,62,2,94,-1,-1,1,32,0.0,0.0,0.0,0.0,0.0,0.0,0.0,0.0,BENIGN,BENIGN,0
6,17614,3,0,718.0,0.0,359.0,0.0,239.3333333333333,207.2687466390757,0.0,0.0,0.0,0.0,40763.02940842512,170.3190643806063,8807.0,12453.564630257477,17613.0,1.0,17614.0,8807.0,12453.564630257477,17613.0,1.0,0.0,0.0,0.0,0.0,0.0,1,0,0,0,60,0,170.3190643806063,0.0,0.0,359.0,269.25,179.5,32220.25,0,0,1,0,0,1,0,0,0.0,359.0,239.3333333333333,0.0,60,0,0,0,0,0,0,3,718,0,0,256,-1,1,20,0.0,0.0,0.0,0.0,0.0,0.0,0.0,0.0,BENIGN,BENIGN,0
6,111348,16,14,1681.0,6582.0,517.0,0.0,105.0625,173.54172168866677,1430.0,0.0,470.1428571428572,636.4803286757642,74208.78686640083,269.4255846535187,3839.586206896551,9146.210107069492,26847.0,1.0,111348.0,7423.199999999999,15571.005101974448,52906.0,1.0,84606.0,6508.153846153847,11972.26482226145,28638.0,1.0,0,0,0,0,344,304,143.6936451485433,125.7319395049754,0.0,1430.0,266.5483870967741,475.6310081502031,226224.8559139785,0,0,0,0,1,0,0,0,0.0,275.43333333333334,105.0625,470.1428571428572,344,0,0,0,0,0,0,16,1681,14,6582,8192,242,14,20,0.0,0.0,0.0,0.0,0.0,0.0,0.0,0.0,BENIGN,BENIGN,0
6,7214289,2,8,0.0,0.0,0.0,0.0,0.0,0.0,0.0,0.0,0.0,0.0,0.0,1.3861379825510178,801587.6666666665,1430853.386369215,4131653.0,1.0,1.0,1.0,0.0,1.0,1.0,7159383.0,1022769.0,1572482.4769500613,4131653.0,1.0,0,0,0,0,64,256,0.2772275965102036,1.1089103860408145,0.0,0.0,0.0,0.0,0.0,0,0,0,0,1,0,0,0,4.0,0.0,0.0,0.0,64,0,0,0,0,0,0,2,0,8,0,8192,29200,0,32,0.0,0.0,0.0,0.0,0.0,0.0,0.0,0.0,BENIGN,BENIGN,0
17,21085,2,2,76.0,270.0,38.0,38.0,38.0,0.0,135.0,135.0,135.0,0.0,16409.769978657812,189.7083234526915,7028.333333333334,12170.83235992236,21082.0,1.0,1.0,1.0,0.0,1.0,1.0,2.0,2.0,0.0,2.0,2.0,0,0,0,0,40,40,94.85416172634577,94.85416172634577,38.0,135.0,76.8,53.12908807800111,2822.7,0,0,0,0,0,0,0,0,1.0,96.0,38.0,135.0,40,0,0,0,0,0,0,2,76,2,270,-1,-1,1,20,0.0,0.0,0.0,0.0,0.0,0.0,0.0,0.0,BENIGN,BENIGN,0
6,119727025,30,30,1036.0,3164.0,440.0,0.0,34.53333333333334,110.2285191626088,788.0,0.0,105.46666666666668,272.29240537148394,35.07979923496804,0.5011399890709721,2029271.6101694915,4026496.672622942,10018178.0,0.0,119699075.0,4127554.3103448274,4983546.126002805,10046424.0,0.0,119698894.0,4127548.068965518,4985527.9387359135,10046210.0,1.0,0,0,0,0,624,888,0.2505699945354861,0.2505699945354861,0.0,788.0,68.95081967213117,207.4452880664769,43033.5475409836,0,0,0,0,0,1,0,0,1.0,70.1,34.53333333333333,105.46666666666668,624,0,0,0,0,0,0,30,1036,30,3164,16228,290,27,20,46931.16666666666,64988.48676053508,253297.0,28006.0,9927991.583333334,205277.72391366336,10018178.0,9307434.0,BENIGN,BENIGN,0
6,115220106,27,24,22.0,1576.0,1.0,0.0,0.8148148148148148,0.3958473906635696,788.0,0.0,65.66666666666666,222.4759228138723,13.869107185164369,0.4426310803775862,2304402.12,4180694.91437689,10002915.0,1.0,115220106.0,4431542.538461538,4968803.914408925,10030836.0,1.0,110107088.0,4787264.695652175,5112726.396632689,10030935.0,1.0,0,0,0,0,564,744,0.2343341013763691,0.208296979001217,0.0,788.0,30.73076923076924,152.93226943549487,23388.2790346908,0,0,0,0,0,1,0,0,0.0,31.33333333333333,0.8148148148148148,65.66666666666667,564,0,0,0,0,0,0,27,22,24,1576,16228,288,22,20,27607.636363636364,1247.5149917117046,28081.0,23849.0,9981739.363636363,69990.53586917682,10002915.0,9770710.0,BENIGN,BENIGN,0
6,115925697,38,34,4121.0,8724.0,1391.0,0.0,108.44736842105264,328.3934437710451,2920.0,0.0,256.5882352941177,678.9909678359883,110.80373318781945,0.6210874884797976,1632756.2957746482,3667452.429349844,10017575.0,0.0,115925697.0,3133126.9459459456,4635816.089639755,10046437.0,1.0,110449376.0,3346950.787878788,4801700.727594519,10046393.0,0.0,0,0,0,0,784,968,0.3277961744754487,0.2932913140043488,0.0,2920.0,175.95890410958907,522.1391214767957,272629.2621765601,0,0,0,0,1,0,0,0,0.0,178.40277777777774,108.44736842105264,256.5882352941176,784,0,0,0,0,0,0,38,4121,34,8724,8192,260,29,20,35251.999999999985,22196.42959003665,105735.0,28782.0,9625222.666666666,1315728.87207643,10017575.0,5447265.0,BENIGN,BENIGN,0
6,1581899,32,45,2728.0,7578.0,362.0,0.0,85.25000000000001,85.34975480434194,1430.0,0.0,168.39999999999995,383.2458503600293,6514.954494566341,48.67567398424299,20814.4605263158,65773.23980190136,507778.0,1.0,1528324.0,49300.7741935484,112582.10657314648,561015.0,2.0,1528953.0,34748.931818181816,83920.93430942803,507778.0,1.0,0,0,0,0,664,924,20.228851525919165,28.446822458323823,0.0,1430.0,132.12820512820514,297.9455785299856,88771.56776556777,0,0,0,0,1,0,0,0,1.0,133.84415584415584,85.25,168.4,664,0,0,0,0,0,0,32,2728,45,7578,8192,246,30,20,0.0,0.0,0.0,0.0,0.0,0.0,0.0,0.0,BENIGN,BENIGN,0
6,82639,14,14,4080.0,11053.0,1397.0,0.0,291.42857142857144,502.34216262588217,2920.0,0.0,789.5000000000001,994.048191835943,183121.7705925773,338.82307385132924,3060.7037037037044,7898.220202702023,25037.0,1.0,55659.0,4281.461538461538,9250.777225143343,25171.0,1.0,57840.0,4449.2307692307695,10168.50048887778,27778.0,2.0,0,0,0,0,304,288,169.41153692566462,169.41153692566462,0.0,2920.0,521.8275862068966,805.0019551425023,648028.1477832511,0,0,0,0,1,0,0,0,1.0,540.4642857142857,291.42857142857144,789.5,304,0,0,0,0,0,0,14,4080,14,11053,8192,32131,6,20,0.0,0.0,0.0,0.0,0.0,0.0,0.0,0.0,BENIGN,BENIGN,0
6,164,4,0,53.0,0.0,53.0,0.0,13.25,26.5,0.0,0.0,0.0,0.0,323170.73170731706,24390.243902439022,54.66666666666667,92.08872533233009,161.0,1.0,164.0,54.66666666666667,92.08872533233009,161.0,1.0,0.0,0.0,0.0,0.0,0.0,0,0,0,0,128,0,24390.243902439022,0.0,0.0,53.0,10.6,23.702320561497768,561.8,0,0,0,0,0,1,0,0,0.0,13.25,13.25,0.0,128,0,0,0,0,0,0,4,53,0,0,39096,-1,1,32,0.0,0.0,0.0,0.0,0.0,0.0,0.0,0.0,BENIGN,BENIGN,0
17,72099,2,2,70.0,102.0,35.0,35.0,35.0,0.0,51.0,51.0,51.0,0.0,2385.608676958072,55.47927155716446,24033.0,41622.04693428712,72094.0,2.0,3.0,3.0,0.0,3.0,3.0,2.0,2.0,0.0,2.0,2.0,0,0,0,0,40,40,27.73963577858223,27.73963577858223,35.0,51.0,41.4,8.763560920082657,76.8,0,0,0,0,0,0,0,0,1.0,51.75,35.0,51.0,40,0,0,0,0,0,0,2,70,2,102,-1,-1,1,20,0.0,0.0,0.0,0.0,0.0,0.0,0.0,0.0,BENIGN,BENIGN,0
6,1,2,0,37.0,0.0,31.0,6.0,18.5,17.677669529663692,0.0,0.0,0.0,0.0,37000000.0,2000000.0,1.0,0.0,1.0,1.0,1.0,1.0,0.0,1.0,1.0,0.0,0.0,0.0,0.0,0.0,1,0,0,0,40,0,2000000.0,0.0,6.0,31.0,22.666666666666664,14.433756729740644,208.3333333333333,0,0,1,0,0,1,0,0,0.0,34.0,18.5,0.0,40,0,0,0,0,0,0,2,37,0,0,16118,-1,1,20,0.0,0.0,0.0,0.0,0.0,0.0,0.0,0.0,BENIGN,BENIGN,0
6,144558,18,13,1670.0,5830.0,517.0,0.0,92.77777777777776,167.00318966857228,2524.0,0.0,448.46153846153845,773.0622673696921,51882.28946166937,214.4467964415668,4818.599999999999,12413.056992677037,41077.0,1.0,143544.0,8443.76470588235,18050.178733635206,55673.0,1.0,103487.0,8623.916666666666,16932.241345800154,45229.0,1.0,0,0,0,0,384,284,124.51749470800648,89.92930173356024,0.0,2524.0,234.375,528.4576309808908,279267.4677419354,0,0,0,0,1,0,0,0,0.0,241.9354838709677,92.77777777777776,448.46153846153845,384,0,0,0,0,0,0,18,1670,13,5830,8192,246,8,20,0.0,0.0,0.0,0.0,0.0,0.0,0.0,0.0,BENIGN,BENIGN,0
6,112448479,16,10,307.0,368.0,46.0,0.0,19.1875,22.75439517983284,46.0,0.0,36.8,19.39530298236605,6.0027490456318215,0.2312170002761887,4497939.16,15489544.5701208,57789543.0,0.0,112448479.0,7496565.266666668,19677883.622816928,57789543.0,1.0,58326651.0,6480738.999999999,19256755.575562865,57831291.0,0.0,1,0,0,0,368,200,0.1422873847853469,0.0889296154908418,0.0,46.0,26.703703703703702,22.742394865460504,517.2165242165244,0,0,1,0,0,1,0,0,0.0,27.73076923076923,19.1875,36.8,368,0,0,0,0,0,0,16,307,10,368,16344,268,6,20,289426.5,113.84419177103416,289507.0,289346.0,55933105.0,2625399.797304784,57789543.0,54076667.0,BENIGN,BENIGN,0
0,113871580,52,0,0.0,0.0,0.0,0.0,0.0,0.0,0.0,0.0,0.0,0.0,0.0,0.4566547684681287,2232776.078431374,4066474.834693832,9806952.0,1.0,113871580.0,2232776.078431374,4066474.834693832,9806952.0,1.0,0.0,0.0,0.0,0.0,0.0,0,0,0,0,0,0,0.4566547684681288,0.0,0.0,0.0,0.0,0.0,0.0,0,0,0,0,0,0,0,0,0.0,0.0,0.0,0.0,0,0,0,0,0,0,0,52,0,0,0,-1,-1,0,0,6.083333333333332,0.6685579234215215,7.0,5.0,9489291.75,213354.9959868953,9806952.0,9169328.0,BENIGN,BENIGN,0
6,56624079,14,12,84.0,72.0,6.0,6.0,6.0,0.0,6.0,6.0,6.0,0.0,2.7550116974088,0.4591686162348,2264963.16,4149986.983491872,10017572.0,1.0,56624079.0,4355698.384615385,4989265.906950934,10050872.0,1.0,50210070.0,4564551.818181818,5244271.215233377,10050836.0,1.0,0,0,0,0,280,240,0.2472446395110461,0.2119239767237538,6.0,6.0,6.0,0.0,0.0,0,0,0,0,0,1,0,0,0.0,6.230769230769233,6.0,6.0,280,0,0,0,0,0,0,14,84,12,72,63520,26136,13,20,33333.0,133.3191659139829,33577.0,33206.0,9404013.333333332,1481174.8415643126,10017572.0,6380624.0,BENIGN,BENIGN,0
0,113907527,52,0,0.0,0.0,0.0,0.0,0.0,0.0,0.0,0.0,0.0,0.0,0.0,0.4565106571052148,2233480.921568628,4068074.4589555673,9833330.0,0.0,113907527.0,2233480.921568628,4068074.4589555673,9833330.0,0.0,0.0,0.0,0.0,0.0,0.0,0,0,0,0,0,0,0.4565106571052148,0.0,0.0,0.0,0.0,0.0,0.0,0,0,0,0,0,0,0,0,0.0,0.0,0.0,0.0,0,0,0,0,0,0,0,52,0,0,0,-1,-1,0,0,5.5,0.6741998624632421,7.0,5.0,9492288.000000002,239203.38595695648,9833330.0,9090587.0,BENIGN,BENIGN,0
6,362,5,0,62.0,0.0,31.0,0.0,12.4,16.97939928266015,0.0,0.0,0.0,0.0,171270.7182320442,13812.154696132597,90.5,177.66729205643523,357.0,1.0,362.0,90.5,177.66729205643523,357.0,1.0,0.0,0.0,0.0,0.0,0.0,0,0,0,0,160,0,13812.154696132597,0.0,0.0,31.0,10.333333333333334,16.00833116432399,256.26666666666665,0,0,0,0,0,1,0,0,0.0,12.4,12.4,0.0,160,0,0,0,0,0,0,5,62,0,0,117,-1,2,32,0.0,0.0,0.0,0.0,0.0,0.0,0.0,0.0,BENIGN,BENIGN,0
6,119506488,32,30,902.0,4724.0,440.0,0.0,28.1875,108.03178669023237,788.0,0.0,157.46666666666667,320.31727087840346,47.07694196485801,0.5188002847175962,1959122.754098361,3968428.610400145,10002925.0,1.0,119478535.0,3854146.290322581,4912963.789637418,10030861.0,1.0,119481723.0,4120059.413793104,4976477.238938788,10030905.0,1.0,0,0,0,0,688,864,0.2677678888865013,0.2510323958310949,0.0,788.0,89.30158730158732,241.10549390461472,58131.859190988216,0,0,0,0,0,1,0,0,0.0,90.74193548387096,28.1875,157.46666666666667,688,0,0,0,0,0,0,32,902,30,4724,16228,290,24,20,46313.41666666666,64494.876349645485,251093.0,24911.0,9910230.916666666,197580.0599887909,10002925.0,9348847.0,BENIGN,BENIGN,0
6,116857927,39,34,1766.0,5640.0,436.0,0.0,45.282051282051285,133.81427599041666,705.0,0.0,165.8823529411765,303.5458893674425,63.3761028466644,0.6246901846889685,1623026.763888889,3621179.722659487,10004370.0,0.0,116857927.0,3075208.605263158,4552732.771833382,10030856.0,0.0,112177137.0,3399307.1818181816,4755554.203929867,10030913.0,0.0,0,0,0,0,852,968,0.3337385918201339,0.2909515928688346,0.0,705.0,100.08108108108112,233.9478197737637,54731.58237689744,0,0,0,0,1,0,0,0,0.0,101.45205479452056,45.282051282051285,165.88235294117646,852,0,0,0,0,0,0,39,1766,34,5640,8192,246,26,20,213211.54545454547,619228.2614652474,2080255.0,26461.0,9984713.454545457,65017.61439081534,10004370.0,9788678.0,BENIGN,BENIGN,0
6,2,2,0,31.0,0.0,31.0,0.0,15.5,21.92031021678297,0.0,0.0,0.0,0.0,15500000.0,1000000.0,2.0,0.0,2.0,2.0,2.0,2.0,0.0,2.0,2.0,0.0,0.0,0.0,0.0,0.0,1,0,0,0,40,0,1000000.0,0.0,0.0,31.0,20.666666666666664,17.8978583448784,320.33333333333337,0,0,1,0,0,1,0,0,0.0,31.0,15.5,0.0,40,0,0,0,0,0,0,2,31,0,0,254,-1,0,20,0.0,0.0,0.0,0.0,0.0,0.0,0.0,0.0,BENIGN,BENIGN,0
17,44769,2,2,78.0,200.0,39.0,39.0,39.0,0.0,100.0,100.0,100.0,0.0,6209.654001652929,89.34753959212847,14923.0,25845.662150542787,44767.0,1.0,1.0,1.0,0.0,1.0,1.0,1.0,1.0,0.0,1.0,1.0,0,0,0,0,40,40,44.67376979606424,44.67376979606424,39.0,100.0,63.4,33.411076007815126,1116.3,0,0,0,0,0,0,0,0,1.0,79.25,39.0,100.0,40,0,0,0,0,0,0,2,78,2,200,-1,-1,1,20,0.0,0.0,0.0,0.0,0.0,0.0,0.0,0.0,BENIGN,BENIGN,0
17,20875,2,2,62.0,118.0,31.0,31.0,31.0,0.0,59.0,59.0,59.0,0.0,8622.754491017964,191.61676646706584,6958.333333333334,12048.722809216471,20871.0,1.0,1.0,1.0,0.0,1.0,1.0,3.0,3.0,0.0,3.0,3.0,0,0,0,0,64,64,95.80838323353292,95.80838323353292,31.0,59.0,42.2,15.336231610144653,235.2,0,0,0,0,0,0,0,0,1.0,52.75,31.0,59.0,64,0,0,0,0,0,0,2,62,2,118,-1,-1,1,32,0.0,0.0,0.0,0.0,0.0,0.0,0.0,0.0,BENIGN,BENIGN,0
6,12703773,5,4,0.0,0.0,0.0,0.0,0.0,0.0,0.0,0.0,0.0,0.0,0.0,0.7084509460299708,1587971.625,3586259.520113,10211316.0,1.0,12703773.0,3175943.25,4850455.374233735,10239966.0,3.0,10240083.0,3413361.0,5912112.944523303,10240081.0,1.0,0,0,0,0,160,128,0.3935838589055393,0.3148670871244314,0.0,0.0,0.0,0.0,0.0,0,0,0,0,0,1,0,0,0.0,0.0,0.0,0.0,160,0,0,0,0,0,0,5,0,4,0,241,285,0,32,28653.0,0.0,28653.0,28653.0,10211316.0,0.0,10211316.0,10211316.0,BENIGN,BENIGN,0
17,21294,2,2,92.0,170.0,46.0,46.0,46.0,0.0,85.0,85.0,85.0,0.0,12303.935380858458,187.8463416924956,7098.0,12288.900479701184,21288.0,3.0,3.0,3.0,0.0,3.0,3.0,3.0,3.0,0.0,3.0,3.0,0,0,0,0,40,40,93.92317084624776,93.92317084624776,46.0,85.0,61.6,21.36117974270148,456.3,0,0,0,0,0,0,0,0,1.0,77.0,46.0,85.0,40,0,0,0,0,0,0,2,92,2,170,-1,-1,1,20,0.0,0.0,0.0,0.0,0.0,0.0,0.0,0.0,BENIGN,BENIGN,0
6,54040012,8,2,233.0,92.0,46.0,6.0,29.125,19.80935925984771,46.0,46.0,46.0,0.0,6.014062321081647,0.1850480714178968,6004445.777777779,17925654.137159847,53805848.0,1.0,54040012.0,7720001.714285713,20322134.8338842,53805848.0,2.0,1.0,1.0,0.0,1.0,1.0,1,0,0,0,160,40,0.1480384571343174,0.0370096142835793,6.0,46.0,33.72727272727273,18.352606948828328,336.8181818181818,0,0,1,0,0,1,0,0,0.0,37.1,29.125,46.0,160,0,0,0,0,0,0,8,233,2,92,16482,252,7,20,233867.0,0.0,233867.0,233867.0,53805848.0,0.0,53805848.0,53805848.0,BENIGN,BENIGN,0
6,296114,7,2,768.0,0.0,384.0,0.0,109.71428571428572,187.3728140061184,0.0,0.0,0.0,0.0,2593.59570976043,30.39369972375504,37014.25,84681.13521364382,241157.0,2.0,296114.0,49352.33333333333,96500.61633309224,241157.0,2.0,2.0,2.0,0.0,2.0,2.0,0,0,0,0,164,64,23.63954422958725,6.754155494167787,0.0,384.0,76.80000000000003,161.90861620062103,26214.4,0,0,0,0,1,0,0,0,0.0,85.33333333333333,109.71428571428572,0.0,164,0,0,0,0,0,0,7,768,2,0,8192,29200,2,20,0.0,0.0,0.0,0.0,0.0,0.0,0.0,0.0,BENIGN,BENIGN,0
17,20824,2,2,50.0,82.0,25.0,25.0,25.0,0.0,41.0,41.0,41.0,0.0,6338.839800230504,192.0860545524395,6941.333333333334,12018.411888986551,20819.0,2.0,2.0,2.0,0.0,2.0,2.0,3.0,3.0,0.0,3.0,3.0,0,0,0,0,40,40,96.04302727621976,96.04302727621976,25.0,41.0,31.4,8.763560920082657,76.8,0,0,0,0,0,0,0,0,1.0,39.25,25.0,41.0,40,0,0,0,0,0,0,2,50,2,82,-1,-1,1,20,0.0,0.0,0.0,0.0,0.0,0.0,0.0,0.0,BENIGN,BENIGN,0
6,197,1,2,0.0,0.0,0.0,0.0,0.0,0.0,0.0,0.0,0.0,0.0,0.0,15228.426395939086,98.5,135.0573952066306,194.0,3.0,0.0,0.0,0.0,0.0,0.0,3.0,3.0,0.0,3.0,3.0,0,0,0,0,20,40,5076.142131979696,10152.284263959393,0.0,0.0,0.0,0.0,0.0,0,0,0,0,0,1,1,0,2.0,0.0,0.0,0.0,20,0,0,0,0,0,0,1,0,2,0,334,16255,0,20,0.0,0.0,0.0,0.0,0.0,0.0,0.0,0.0,BENIGN,BENIGN,0
6,43,2,0,0.0,0.0,0.0,0.0,0.0,0.0,0.0,0.0,0.0,0.0,0.0,46511.62790697674,43.0,0.0,43.0,43.0,43.0,43.0,0.0,43.0,43.0,0.0,0.0,0.0,0.0,0.0,0,0,0,0,64,0,46511.62790697674,0.0,0.0,0.0,0.0,0.0,0.0,0,0,0,0,1,1,0,0,0.0,0.0,0.0,0.0,64,0,0,0,0,0,0,2,0,0,0,29200,-1,0,32,0.0,0.0,0.0,0.0,0.0,0.0,0.0,0.0,BENIGN,BENIGN,0
17,20598,2,2,80.0,112.0,40.0,40.0,40.0,0.0,56.0,56.0,56.0,0.0,9321.29332944946,194.1936110301971,6866.0,11890.528793960342,20596.0,1.0,1.0,1.0,0.0,1.0,1.0,1.0,1.0,0.0,1.0,1.0,0,0,0,0,64,40,97.09680551509857,97.09680551509857,40.0,56.0,46.4,8.763560920082657,76.8,0,0,0,0,0,0,0,0,1.0,58.0,40.0,56.0,64,0,0,0,0,0,0,2,80,2,112,-1,-1,1,32,0.0,0.0,0.0,0.0,0.0,0.0,0.0,0.0,BENIGN,BENIGN,0
6,2,2,0,12.0,0.0,6.0,6.0,6.0,0.0,0.0,0.0,0.0,0.0,6000000.0,1000000.0,2.0,0.0,2.0,2.0,2.0,2.0,0.0,2.0,2.0,0.0,0.0,0.0,0.0,0.0,0,0,0,0,40,0,1000000.0,0.0,6.0,6.0,6.0,0.0,0.0,0,0,0,0,0,1,0,0,0.0,9.0,6.0,0.0,40,0,0,0,0,0,0,2,12,0,0,16465,-1,1,20,0.0,0.0,0.0,0.0,0.0,0.0,0.0,0.0,BENIGN,BENIGN,0
6,199800,16,11,1639.0,6124.0,517.0,0.0,102.4375,175.15972472765148,2709.0,0.0,556.7272727272726,882.0917288932131,38853.853853853856,135.13513513513513,7684.615384615386,16776.102541596298,56163.0,1.0,199800.0,13319.999999999998,22645.401911078683,56185.0,1.0,101700.0,10170.0,18130.661616903744,44100.0,1.0,0,0,0,0,344,244,80.08008008008008,55.05505505505506,0.0,2709.0,277.24999999999994,598.3332791705327,358002.71296296304,0,0,0,0,1,0,0,0,0.0,287.5185185185185,102.4375,556.7272727272727,344,0,0,0,0,0,0,16,1639,11,6124,8192,242,7,20,0.0,0.0,0.0,0.0,0.0,0.0,0.0,0.0,BENIGN,BENIGN,0
6,116672367,32,28,4000.0,7354.0,1007.0,0.0,124.99999999999996,263.877782071488,1430.0,0.0,262.6428571428572,490.6237310838577,97.31524517712064,0.5142605875134084,1977497.745762712,10576581.98220106,58139029.0,0.0,116672367.0,3763624.741935482,14473554.27745762,58179899.0,0.0,116631107.0,4319670.62962963,15472789.668704707,58180038.0,1.0,0,0,0,0,712,584,0.2742723133404845,0.2399882741729239,0.0,1430.0,186.1311475409836,386.7801475175028,149598.88251366126,0,0,0,0,1,0,0,0,0.0,189.2333333333333,125.0,262.6428571428572,712,0,0,0,0,0,0,32,4000,28,7354,8192,254,26,20,235289.0,67036.55128360946,282691.0,187887.0,57959783.0,253492.12420112785,58139029.0,57780537.0,BENIGN,BENIGN,0
6,352,1,3,0.0,0.0,0.0,0.0,0.0,0.0,0.0,0.0,0.0,0.0,0.0,11363.636363636364,117.33333333333331,103.90540569832416,206.0,3.0,0.0,0.0,0.0,0.0,0.0,146.0,73.0,98.99494936611666,143.0,3.0,0,0,0,0,20,60,2840.909090909091,8522.727272727272,0.0,0.0,0.0,0.0,0.0,0,0,0,0,0,1,1,0,3.0,0.0,0.0,0.0,20,0,0,0,0,0,0,1,0,3,0,1892,256,0,20,0.0,0.0,0.0,0.0,0.0,0.0,0.0,0.0,BENIGN,BENIGN,0
17,45736,2,2,62.0,94.0,31.0,31.0,31.0,0.0,47.0,47.0,47.0,0.0,3410.8798320797623,87.45845723281441,15245.333333333332,26403.959860849154,45734.0,1.0,1.0,1.0,0.0,1.0,1.0,1.0,1.0,0.0,1.0,1.0,0,0,0,0,28,-2125437950,43.72922861640721,43.72922861640721,31.0,47.0,37.4,8.763560920082657,76.8,0,0,0,0,0,0,0,0,1.0,46.75,31.0,47.0,28,0,0,0,0,0,0,2,62,2,94,-1,-1,1,14,0.0,0.0,0.0,0.0,0.0,0.0,0.0,0.0,BENIGN,BENIGN,0
17,20636,2,2,58.0,166.0,29.0,29.0,29.0,0.0,83.0,83.0,83.0,0.0,10854.816824966078,193.8360147315371,6878.666666666666,11909.870038473691,20631.0,2.0,3.0,3.0,0.0,3.0,3.0,2.0,2.0,0.0,2.0,2.0,0,0,0,0,40,80,96.91800736576856,96.91800736576856,29.0,83.0,50.6,29.57701810527897,874.8,0,0,0,0,0,0,0,0,1.0,63.25,29.0,83.0,40,0,0,0,0,0,0,2,58,2,166,-1,-1,1,20,0.0,0.0,0.0,0.0,0.0,0.0,0.0,0.0,BENIGN,BENIGN,0
6,7242540,2,8,0.0,0.0,0.0,0.0,0.0,0.0,0.0,0.0,0.0,0.0,0.0,1.380731069486672,804726.6666666665,1440195.9695817442,4163955.0,1.0,2.0,2.0,0.0,2.0,2.0,7187736.0,1026819.4285714286,1583144.0388956885,4163955.0,1.0,0,0,0,0,64,256,0.2761462138973343,1.1045848555893374,0.0,0.0,0.0,0.0,0.0,0,0,0,0,1,0,0,0,4.0,0.0,0.0,0.0,64,0,0,0,0,0,0,2,0,8,0,8192,29200,0,32,0.0,0.0,0.0,0.0,0.0,0.0,0.0,0.0,BENIGN,BENIGN,0
17,20924,2,2,100.0,156.0,50.0,50.0,50.0,0.0,78.0,78.0,78.0,0.0,12234.754349072837,191.16803670426305,6974.666666666666,12075.280880101023,20918.0,3.0,3.0,3.0,0.0,3.0,3.0,3.0,3.0,0.0,3.0,3.0,0,0,0,0,40,40,95.58401835213152,95.58401835213152,50.0,78.0,61.2,15.336231610144653,235.2,0,0,0,0,0,0,0,0,1.0,76.5,50.0,78.0,40,0,0,0,0,0,0,2,100,2,156,-1,-1,1,20,0.0,0.0,0.0,0.0,0.0,0.0,0.0,0.0,BENIGN,BENIGN,0
6,1330,4,0,123.0,0.0,46.0,0.0,30.75,21.68524844220144,0.0,0.0,0.0,0.0,92481.2030075188,3007.5187969924814,443.33333333333337,766.1444598333485,1328.0,0.0,1330.0,443.33333333333337,766.1444598333485,1328.0,0.0,0.0,0.0,0.0,0.0,0.0,1,0,0,0,80,0,3007.518796992481,0.0,0.0,46.0,33.8,19.979989989987484,399.2,0,0,1,0,0,1,0,0,0.0,42.25,30.75,0.0,80,0,0,0,0,0,0,4,123,0,0,255,-1,2,20,0.0,0.0,0.0,0.0,0.0,0.0,0.0,0.0,BENIGN,BENIGN,0
6,117346607,22,18,1950.0,746.0,593.0,0.0,88.63636363636364,170.4276261571925,156.0,0.0,41.44444444444447,47.8013317833451,22.97467365204688,0.3408705289621199,3008887.358974358,13020322.86361803,58774083.0,1.0,117346607.0,5587933.666666667,17520694.25166271,58774083.0,1.0,117112830.0,6888990.000000001,19424470.924317304,58942553.0,1.0,0,0,0,0,464,384,0.1874787909291659,0.1533917380329539,0.0,593.0,65.7560975609756,129.93090096043454,16882.039024390248,0,0,0,0,1,0,0,0,0.0,67.4,88.63636363636364,41.44444444444444,464,0,0,0,0,0,0,22,1950,18,746,8192,247,20,20,270203.5,29578.983763814467,291119.0,249288.0,58286281.0,689856.2041527205,58774083.0,57798479.0,BENIGN,BENIGN,0
6,55884,1,3,6.0,18.0,6.0,6.0,6.0,0.0,6.0,6.0,6.0,0.0,429.4610264118531,71.57683773530886,18628.0,30678.085533487905,54036.0,2.0,0.0,0.0,0.0,0.0,0.0,1848.0,924.0,1303.9049045079937,1846.0,2.0,0,0,0,0,20,60,17.894209433827214,53.68262830148164,6.0,6.0,6.0,0.0,0.0,0,0,0,0,0,1,1,0,3.0,7.5,6.0,6.0,20,0,0,0,0,0,0,1,6,3,18,16425,1892,0,20,0.0,0.0,0.0,0.0,0.0,0.0,0.0,0.0,BENIGN,BENIGN,0
6,7188027,2,8,0.0,0.0,0.0,0.0,0.0,0.0,0.0,0.0,0.0,0.0,0.0,1.3912023424508562,798669.6666666665,1420691.9626627371,4096056.0,1.0,2.0,2.0,0.0,2.0,2.0,7133242.0,1019034.5714285714,1560756.3854756297,4096056.0,1.0,0,0,0,0,64,256,0.2782404684901712,1.1129618739606848,0.0,0.0,0.0,0.0,0.0,0,0,0,0,1,0,0,0,4.0,0.0,0.0,0.0,64,0,0,0,0,0,0,2,0,8,0,8192,29200,0,32,0.0,0.0,0.0,0.0,0.0,0.0,0.0,0.0,BENIGN,BENIGN,0
6,55790,1,3,0.0,0.0,0.0,0.0,0.0,0.0,0.0,0.0,0.0,0.0,0.0,71.69743681663381,18596.666666666664,30896.213527442706,54263.0,49.0,0.0,0.0,0.0,0.0,0.0,1527.0,763.5,1010.4555903155764,1478.0,49.0,0,0,0,0,20,60,17.924359204158453,53.77307761247536,0.0,0.0,0.0,0.0,0.0,0,0,0,0,0,1,1,0,3.0,0.0,0.0,0.0,20,0,0,0,0,0,0,1,0,3,0,16425,1959,0,20,0.0,0.0,0.0,0.0,0.0,0.0,0.0,0.0,BENIGN,BENIGN,0
17,20790,2,2,118.0,282.0,59.0,59.0,59.0,0.0,141.0,141.0,141.0,0.0,19240.01924001924,192.4001924001924,6930.0,11998.78197985112,20785.0,2.0,3.0,3.0,0.0,3.0,3.0,2.0,2.0,0.0,2.0,2.0,0,0,0,0,40,64,96.2000962000962,96.2000962000962,59.0,141.0,91.8,44.913249715423625,2017.2,0,0,0,0,0,0,0,0,1.0,114.75,59.0,141.0,40,0,0,0,0,0,0,2,118,2,282,-1,-1,1,20,0.0,0.0,0.0,0.0,0.0,0.0,0.0,0.0,BENIGN,BENIGN,0
6,5297198,5,2,18.0,0.0,6.0,0.0,3.6,3.286335345030997,0.0,0.0,0.0,0.0,3.3980228792656044,1.321453341936624,882866.3333333335,2135626.194547882,5241963.0,2.0,5297198.0,1324299.5,2611905.4209191804,5241963.0,2.0,2.0,2.0,0.0,2.0,2.0,0,0,0,0,124,64,0.9438952442404456,0.3775580976961783,0.0,6.0,2.25,3.1052950170405937,9.642857142857142,0,0,0,0,1,0,0,0,0.0,2.571428571428572,3.6,0.0,124,0,0,0,0,0,0,5,18,2,0,8192,29200,3,20,0.0,0.0,0.0,0.0,0.0,0.0,0.0,0.0,BENIGN,BENIGN,0
6,117297230,126,102,10034.0,79120.0,1078.0,0.0,79.63492063492066,152.161419718645,2860.0,0.0,775.6862745098038,919.0981048530124,760.0690996709811,1.9437799170534549,516727.885462555,5449604.158597008,58556935.0,0.0,117297230.0,938377.84,7333037.373155192,58604322.0,0.0,117270545.0,1161094.504950495,8150119.18829461,58583414.0,0.0,0,0,0,0,2592,2064,1.0741941646874356,0.8695857523660192,0.0,2860.0,389.3187772925765,712.2827145728023,507346.66547920025,0,0,0,0,1,0,0,0,0.0,391.0263157894737,79.63492063492063,775.686274509804,2592,0,0,0,0,0,0,126,10034,102,79120,8192,322,76,20,330461.5,103900.14910720772,403930.0,256993.0,58189473.0,519669.7440567422,58556935.0,57822011.0,BENIGN,BENIGN,0
17,20656,2,2,82.0,114.0,41.0,41.0,41.0,0.0,57.0,57.0,57.0,0.0,9488.76839659179,193.64833462432225,6885.333333333334,11924.01510957334,20654.0,1.0,1.0,1.0,0.0,1.0,1.0,1.0,1.0,0.0,1.0,1.0,0,0,0,0,64,64,96.82416731216112,96.82416731216112,41.0,57.0,47.4,8.763560920082657,76.8,0,0,0,0,0,0,0,0,1.0,59.25,41.0,57.0,64,0,0,0,0,0,0,2,82,2,114,-1,-1,1,32,0.0,0.0,0.0,0.0,0.0,0.0,0.0,0.0,BENIGN,BENIGN,0
17,20763,2,2,86.0,142.0,43.0,43.0,43.0,0.0,71.0,71.0,71.0,0.0,10981.0720994076,192.65038770890527,6921.0,11984.059537569065,20759.0,2.0,2.0,2.0,0.0,2.0,2.0,2.0,2.0,0.0,2.0,2.0,0,0,0,0,64,40,96.32519385445264,96.32519385445264,43.0,71.0,54.2,15.336231610144653,235.2,0,0,0,0,0,0,0,0,1.0,67.75,43.0,71.0,64,0,0,0,0,0,0,2,86,2,142,-1,-1,1,32,0.0,0.0,0.0,0.0,0.0,0.0,0.0,0.0,BENIGN,BENIGN,0
6,136,1,2,0.0,0.0,0.0,0.0,0.0,0.0,0.0,0.0,0.0,0.0,0.0,22058.82352941177,68.0,94.75230867899737,135.0,1.0,0.0,0.0,0.0,0.0,0.0,1.0,1.0,0.0,1.0,1.0,0,0,0,0,20,40,7352.941176470588,14705.882352941177,0.0,0.0,0.0,0.0,0.0,0,0,0,0,0,1,1,0,2.0,0.0,0.0,0.0,20,0,0,0,0,0,0,1,0,2,0,353,258,0,20,0.0,0.0,0.0,0.0,0.0,0.0,0.0,0.0,BENIGN,BENIGN,0
6,90449,1,3,6.0,18.0,6.0,6.0,6.0,0.0,6.0,6.0,6.0,0.0,265.3429004190207,44.22381673650344,30149.66666666667,27792.36507268378,54750.0,2.0,0.0,0.0,0.0,0.0,0.0,35699.0,17849.5,25240.17655445381,35697.0,2.0,0,0,0,0,20,60,11.05595418412586,33.167862552377585,6.0,6.0,6.0,0.0,0.0,0,0,0,0,0,1,1,0,3.0,7.5,6.0,6.0,20,0,0,0,0,0,0,1,6,3,18,256,1892,0,20,0.0,0.0,0.0,0.0,0.0,0.0,0.0,0.0,BENIGN,BENIGN,0
6,134,1,2,0.0,0.0,0.0,0.0,0.0,0.0,0.0,0.0,0.0,0.0,0.0,22388.059701492537,67.0,90.50966799187808,131.0,3.0,0.0,0.0,0.0,0.0,0.0,3.0,3.0,0.0,3.0,3.0,0,0,0,0,20,40,7462.686567164178,14925.373134328356,0.0,0.0,0.0,0.0,0.0,0,0,0,0,0,1,1,0,2.0,0.0,0.0,0.0,20,0,0,0,0,0,0,1,0,2,0,110,0,0,20,0.0,0.0,0.0,0.0,0.0,0.0,0.0,0.0,BENIGN,BENIGN,0
17,21092,2,2,90.0,146.0,45.0,45.0,45.0,0.0,73.0,73.0,73.0,0.0,11189.076427081358,189.64536317087047,7030.666666666666,12172.27572532488,21086.0,3.0,3.0,3.0,0.0,3.0,3.0,3.0,3.0,0.0,3.0,3.0,0,0,0,0,40,40,94.82268158543523,94.82268158543523,45.0,73.0,56.2,15.336231610144653,235.2,0,0,0,0,0,0,0,0,1.0,70.25,45.0,73.0,40,0,0,0,0,0,0,2,90,2,146,-1,-1,1,20,0.0,0.0,0.0,0.0,0.0,0.0,0.0,0.0,BENIGN,BENIGN,0
6,118061513,26,21,1834.0,6384.0,517.0,0.0,70.53846153846152,140.92813225732633,2709.0,0.0,303.99999999999994,680.4730707382914,69.60778149607485,0.3980975578383448,2566554.6304347827,12134163.356223268,58962923.0,1.0,118061513.0,4722460.52,16303764.722545693,58962923.0,1.0,117999140.0,5899956.999999999,18129048.150185905,59025119.0,1.0,0,0,0,0,544,444,0.2202241809318503,0.1778733769064945,0.0,2709.0,171.20833333333331,470.8639392550466,221712.8492907802,0,0,0,0,1,0,0,0,0.0,174.85106382978722,70.53846153846153,304.0,544,0,0,0,0,0,0,26,1834,21,6384,8192,246,12,20,140991.5,111360.1256487258,219735.0,62248.0,58858651.0,147462.87657576735,58962923.0,58754379.0,BENIGN,BENIGN,0
6,117225140,32,34,3842.0,31600.0,971.0,0.0,120.06249999999996,258.07862486634417,2920.0,0.0,929.4117647058824,1179.3087887620172,302.3412895902705,0.563019161248176,1803463.692307692,10129394.670232488,58582650.0,0.0,117225140.0,3781456.1290322575,14531420.488538263,58582650.0,0.0,116991419.0,3545194.515151515,14157053.972447688,58780057.0,1.0,0,0,0,0,664,704,0.2729789872718429,0.2900401739763331,0.0,2920.0,528.9850746268659,945.824387770336,894583.7725011308,0,0,0,0,1,0,0,0,1.0,537.0,120.0625,929.4117647058824,664,0,0,0,0,0,0,32,3842,34,31600,8192,131,14,20,281789.5,67915.48501262433,329813.0,233766.0,58213913.5,521472.1592419868,58582650.0,57845177.0,BENIGN,BENIGN,0
6,2,3,0,0.0,0.0,0.0,0.0,0.0,0.0,0.0,0.0,0.0,0.0,0.0,1500000.0,1.0,0.0,1.0,1.0,2.0,1.0,0.0,1.0,1.0,0.0,0.0,0.0,0.0,0.0,0,0,0,0,60,0,1500000.0,0.0,0.0,0.0,0.0,0.0,0.0,0,0,0,0,0,1,0,0,0.0,0.0,0.0,0.0,60,0,0,0,0,0,0,3,0,0,0,262,-1,0,20,0.0,0.0,0.0,0.0,0.0,0.0,0.0,0.0,BENIGN,BENIGN,0
6,117983965,16,18,2206.0,3078.0,965.0,0.0,137.87500000000003,323.6246539846225,966.0,0.0,171.00000000000003,313.4979125552044,44.78574694451064,0.2881747532387134,3575271.666666666,14248855.898686236,58962948.0,1.0,117983965.0,7865597.666666669,20694382.152844656,58962948.0,1.0,117921533.0,6936560.764705882,19546354.910219,59025061.0,1.0,1,0,0,0,320,360,0.1356116485829239,0.1525631046557894,0.0,966.0,178.54285714285714,338.1511446655999,114346.19663865546,0,0,1,0,0,1,0,0,1.0,183.79411764705884,137.875,171.0,320,0,0,0,0,0,0,16,2206,18,3078,257,254,7,20,144599.0,116584.9376549132,227037.0,62161.0,58816283.0,207415.63212545,58962948.0,58669618.0,BENIGN,BENIGN,0
17,20583,2,2,72.0,208.0,36.0,36.0,36.0,0.0,104.0,104.0,104.0,0.0,13603.459165330612,194.3351309332945,6861.0,11878.404438307358,20577.0,3.0,3.0,3.0,0.0,3.0,3.0,3.0,3.0,0.0,3.0,3.0,0,0,0,0,64,40,97.16756546664725,97.16756546664725,36.0,104.0,63.2,37.24513391035129,1387.1999999999994,0,0,0,0,0,0,0,0,1.0,79.0,36.0,104.0,64,0,0,0,0,0,0,2,72,2,208,-1,-1,1,32,0.0,0.0,0.0,0.0,0.0,0.0,0.0,0.0,BENIGN,BENIGN,0
17,47211,2,2,100.0,132.0,50.0,50.0,50.0,0.0,66.0,66.0,66.0,0.0,4914.109000021182,84.7260172417445,15737.0,27255.55150790385,47209.0,1.0,1.0,1.0,0.0,1.0,1.0,1.0,1.0,0.0,1.0,1.0,0,0,0,0,64,40,42.36300862087225,42.36300862087225,50.0,66.0,56.4,8.763560920082657,76.8,0,0,0,0,0,0,0,0,1.0,70.5,50.0,66.0,64,0,0,0,0,0,0,2,100,2,132,-1,-1,1,32,0.0,0.0,0.0,0.0,0.0,0.0,0.0,0.0,BENIGN,BENIGN,0
17,20820,2,2,96.0,226.0,48.0,48.0,48.0,0.0,113.0,113.0,113.0,0.0,15465.898174831893,192.12295869356387,6940.0,12015.236452105302,20814.0,3.0,3.0,3.0,0.0,3.0,3.0,3.0,3.0,0.0,3.0,3.0,0,0,0,0,40,40,96.06147934678194,96.06147934678194,48.0,113.0,74.0,35.6019662378358,1267.5,0,0,0,0,0,0,0,0,1.0,92.5,48.0,113.0,40,0,0,0,0,0,0,2,96,2,226,-1,-1,1,20,0.0,0.0,0.0,0.0,0.0,0.0,0.0,0.0,BENIGN,BENIGN,0
6,115684876,38,35,1767.0,10486.0,521.0,0.0,46.50000000000002,125.38066362406452,2920.0,0.0,299.60000000000014,666.0117557697682,105.91704312325147,0.631024577491011,1606734.388888889,3623443.301454632,10006535.0,1.0,115684876.0,3126618.27027027,4640832.514249109,10097485.0,1.0,111324622.0,3274253.588235294,4787496.026799212,10097457.0,1.0,0,0,0,0,784,708,0.3284785471871016,0.3025460303039093,0.0,2920.0,165.58108108108115,480.5532487067912,230931.424842651,0,0,0,0,1,0,0,0,0.0,167.84931506849315,46.5,299.6,784,0,0,0,0,0,0,38,1767,35,10486,64240,31088,29,20,121769.63636363635,102138.25415707155,429728.0,90856.0,9998646.909090908,15079.459595453334,10006535.0,9953309.0,BENIGN,BENIGN,0
17,44562,2,2,74.0,212.0,37.0,37.0,37.0,0.0,106.0,106.0,106.0,0.0,6418.024325658634,89.76257798123963,14854.0,25724.41861344975,44558.0,1.0,3.0,3.0,0.0,3.0,3.0,1.0,1.0,0.0,1.0,1.0,0,0,0,0,40,40,44.881288990619815,44.881288990619815,37.0,106.0,64.6,37.79285646785646,1428.3,0,0,0,0,0,0,0,0,1.0,80.75,37.0,106.0,40,0,0,0,0,0,0,2,74,2,212,-1,-1,1,20,0.0,0.0,0.0,0.0,0.0,0.0,0.0,0.0,BENIGN,BENIGN,0
6,20740,2,2,2.0,0.0,1.0,1.0,1.0,0.0,0.0,0.0,0.0,0.0,96.43201542912246,192.8640308582449,6913.333333333334,11971.646517222822,20737.0,1.0,2.0,2.0,0.0,2.0,2.0,1.0,1.0,0.0,1.0,1.0,0,0,0,0,40,64,96.43201542912244,96.43201542912244,0.0,1.0,0.6,0.5477225575051661,0.3,0,0,0,0,0,1,0,0,1.0,0.75,1.0,0.0,40,0,0,0,0,0,0,2,2,2,0,251,921,1,20,0.0,0.0,0.0,0.0,0.0,0.0,0.0,0.0,BENIGN,BENIGN,0
6,636067,13,13,1608.0,21202.0,428.0,0.0,123.69230769230772,193.69709368641568,2920.0,0.0,1630.9230769230774,1261.445299483788,35861.00206424794,40.87619700440362,25442.68,94995.5545866577,473385.0,1.0,636067.0,53005.58333333333,151102.10357627136,528362.0,1.0,528773.0,44064.41666666667,136127.72976373616,473385.0,1.0,0,0,0,0,284,284,20.438098502201807,20.438098502201807,0.0,2920.0,844.8148148148149,1161.1111401464032,1348179.0797720796,0,0,0,0,1,0,0,0,1.0,877.3076923076923,123.69230769230772,1630.9230769230774,284,0,0,0,0,0,0,13,1608,13,21202,8192,1892,4,20,0.0,0.0,0.0,0.0,0.0,0.0,0.0,0.0,BENIGN,BENIGN,0
6,1,2,0,37.0,0.0,31.0,6.0,18.5,17.677669529663692,0.0,0.0,0.0,0.0,37000000.0,2000000.0,1.0,0.0,1.0,1.0,1.0,1.0,0.0,1.0,1.0,0.0,0.0,0.0,0.0,0.0,1,0,0,0,40,0,2000000.0,0.0,6.0,31.0,22.666666666666664,14.433756729740644,208.3333333333333,0,0,1,0,0,1,0,0,0.0,34.0,18.5,0.0,40,0,0,0,0,0,0,2,37,0,0,256,-1,1,20,0.0,0.0,0.0,0.0,0.0,0.0,0.0,0.0,BENIGN,BENIGN,0
6,34875146,9,8,8.0,0.0,1.0,0.0,0.8888888888888888,0.3333333333333333,0.0,0.0,0.0,0.0,0.2293897206910617,0.4874531564685062,2179696.6250000005,4055817.955193186,10002798.0,1.0,34875146.0,4359393.25,4967067.429365792,10031173.0,1.0,30093396.0,4299056.571428572,5361861.850634002,10031176.0,2.0,0,0,0,0,180,256,0.2580634357774445,0.2293897206910617,0.0,1.0,0.5000000000000001,0.5144957554275266,0.2647058823529412,0,0,0,0,0,1,0,0,0.0,0.5294117647058824,0.8888888888888888,0.0,180,0,0,0,0,0,0,9,8,8,0,253,288,7,20,28416.33333333333,35.019042438840806,28439.0,28376.0,10002747.0,47.88527957525152,10002798.0,10002703.0,BENIGN,BENIGN,0
17,47028,2,2,86.0,214.0,43.0,43.0,43.0,0.0,107.0,107.0,107.0,0.0,6379.1783618269965,85.05571149102663,15676.0,27149.030387842584,47025.0,1.0,2.0,2.0,0.0,2.0,2.0,1.0,1.0,0.0,1.0,1.0,0,0,0,0,64,0,42.527855745513314,42.527855745513314,43.0,107.0,68.6,35.05424368033063,1228.8,0,0,0,0,0,0,0,0,1.0,85.75,43.0,107.0,64,0,0,0,0,0,0,2,86,2,214,-1,-1,1,32,0.0,0.0,0.0,0.0,0.0,0.0,0.0,0.0,BENIGN,BENIGN,0
6,1,2,0,0.0,0.0,0.0,0.0,0.0,0.0,0.0,0.0,0.0,0.0,0.0,2000000.0,1.0,0.0,1.0,1.0,1.0,1.0,0.0,1.0,1.0,0.0,0.0,0.0,0.0,0.0,0,0,0,0,64,0,2000000.0,0.0,0.0,0.0,0.0,0.0,0.0,0,0,0,0,0,1,1,0,0.0,0.0,0.0,0.0,64,0,0,0,0,0,0,2,0,0,0,244,-1,0,32,0.0,0.0,0.0,0.0,0.0,0.0,0.0,0.0,BENIGN,BENIGN,0
